{
  "run_id": "20260227T230424Z_5620bb56",
  "config": {
    "L": 8,
    "A_size": 4,
    "model": "ising_cyclic",
    "chi_sweep": [
      2,
      4
    ],
    "restarts": 1,
    "steps": 20,
    "seed": 42
  },
  "ed_reference": {
    "energy": -4.25454111757014,
    "entropy": 0.17890713707831687
  },
  "verdict": "REJECTED"
}