{
  "chi_sweep": [
    2,
    4
  ],
  "ed_reference": {
    "energy": -4.25454111757014,
    "entropy": 0.17890713707831687
  },
  "best_per_chi": [
    {
      "chi": 2,
      "fidelity": 0.9621147847315052,
      "entropy": 0.10748350091700964
    },
    {
      "chi": 4,
      "fidelity": 0.9753348720223851,
      "entropy": 0.08982490538043232
    }
  ]
}