chi,restart,seed,fidelity,entropy,energy
2,0,20042,0.9621147847315052,0.10748350091700964,-4.181468263394411
4,0,40042,0.9753348720223851,0.08982490538043232,-4.205194459468062
