chi,restart,seed,fidelity,entropy,energy
2,0,20042,0.12378978612870427,0.0958044279815252,-10.129683974246452
4,0,40042,0.10071592749515407,0.047540407031726364,-10.11584982648245
