chi,restart,seed,fidelity,entropy,energy
2,0,20045,0.007987637313647671,0.03159171088475099,-20.172483628335556
4,0,40045,0.01158418709207736,0.05710808300723123,-20.272757412507588
8,0,80045,0.011809805773438879,0.08799959436727062,-20.246324172599287
