{
  "run_id": "20260228T043955Z_d7144fa0",
  "config": {
    "L": 8,
    "A_size": 4,
    "model": "heisenberg_cyclic",
    "chi_sweep": [
      2,
      4
    ],
    "restarts": 1,
    "steps": 30,
    "seed": 43
  },
  "ed_reference": {
    "energy": -3.6510934089371725,
    "entropy": 1.0511658766146608
  },
  "verdict": "REJECTED"
}