{
  "chi_sweep": [
    2,
    4
  ],
  "ed_reference": {
    "energy": -3.6510934089371725,
    "entropy": 1.0511658766146608
  },
  "best_per_chi": [
    {
      "chi": 2,
      "fidelity": 0.5809477987983522,
      "entropy": 0.5292402881670992
    },
    {
      "chi": 4,
      "fidelity": 0.6767182868108893,
      "entropy": 0.7366467314940657
    }
  ]
}