{
  "claim": "3P",
  "model": "heisenberg_cyclic",
  "L": 8,
  "verdict": "REJECTED",
  "falsifiers": {
    "P3.1": {
      "passed": true,
      "violations": [],
      "n_checks": 1,
      "eps_fid": 0.0001
    },
    "P3.2": {
      "passed": true,
      "errors": [
        0.5219255884475615,
        0.3145191451205951
      ],
      "violations": [],
      "n_checks": 1,
      "eps_S": 0.001
    },
    "P3.3": {
      "passed": false,
      "fid_passed": false,
      "S_passed": false,
      "best_fidelity": 0.6767182868108893,
      "final_entropy_error": 0.3145191451205951,
      "fid_threshold": 0.95,
      "S_threshold": 0.15
    },
    "P3.4": {
      "passed": false,
      "delta_aic": -32.66213237607833,
      "delta_bic": -32.66213237607833,
      "S_inf_sat": 1.2034036932278185,
      "c_sat": 2.5620689655172413,
      "aic_sat": -19.986204216898656,
      "bic_sat": -22.599909855778765,
      "a_log": 0.2992242472362324,
      "b_log": 0.3218338448401324,
      "aic_log": -52.64833659297699,
      "bic_log": -55.2620422318571
    }
  },
  "timestamp": "2026-02-28T04:40:01.149670+00:00"
}