{
  "samples": 3000,
  "a": 1.52680369890166,
  "b": 0.24667393444637065,
  "violations": 0
}