{
  "run_id": "20260228T044719Z_88c19ce7",
  "config": {
    "L": 8,
    "A_size": 4,
    "model": "ising_cyclic",
    "chi_sweep": [
      2,
      4
    ],
    "restarts": 1,
    "steps": 30,
    "seed": 44
  },
  "ed_reference": {
    "energy": -4.254541117570141,
    "entropy": 0.17890713707831624
  },
  "verdict": "REJECTED"
}