{
  "chi_sweep": [
    2,
    4
  ],
  "ed_reference": {
    "energy": -4.254541117570141,
    "entropy": 0.17890713707831624
  },
  "best_per_chi": [
    {
      "chi": 2,
      "fidelity": 0.08947643165128065,
      "entropy": 0.043449283880222844
    },
    {
      "chi": 4,
      "fidelity": 0.111837834404734,
      "entropy": 0.09668168916913158
    }
  ]
}