{
  "run_id": "20260227T213254Z_e539fadb",
  "config": {
    "L": 8,
    "A_size": 4,
    "model": "ising_cyclic",
    "chi_sweep": [
      2,
      4,
      8
    ],
    "restarts": 2,
    "steps": 100,
    "seed": 42
  },
  "ed_reference": {
    "energy": -4.254541117570138,
    "entropy": 0.17890713707831474
  },
  "verdict": "REJECTED"
}