{
  "chi_sweep": [
    2,
    4,
    8
  ],
  "ed_reference": {
    "energy": -4.254541117570138,
    "entropy": 0.17890713707831474
  },
  "best_per_chi": [
    {
      "chi": 2,
      "fidelity": 0.997155981130537,
      "entropy": 0.17080728918739663
    },
    {
      "chi": 4,
      "fidelity": 0.999539687744707,
      "entropy": 0.17691171667218217
    },
    {
      "chi": 8,
      "fidelity": 0.9996926699904223,
      "entropy": 0.17560678369831362
    }
  ]
}