{
  "claim": "3P",
  "model": "ising_cyclic",
  "L": 8,
  "verdict": "REJECTED",
  "falsifiers": {
    "P3.1": {
      "passed": true,
      "violations": [],
      "n_checks": 2,
      "eps_fid": 0.0001
    },
    "P3.2": {
      "passed": false,
      "errors": [
        0.00809984789091811,
        0.0019954204061325698,
        0.0033003533800011198
      ],
      "violations": [
        {
          "chi_i": 4,
          "chi_i+1": 8,
          "error_i": 0.0019954204061325698,
          "error_i+1": 0.0033003533800011198
        }
      ],
      "n_checks": 2,
      "eps_S": 0.001
    },
    "P3.3": {
      "passed": true,
      "fid_passed": true,
      "S_passed": true,
      "best_fidelity": 0.9996926699904223,
      "final_entropy_error": 0.0033003533800011198,
      "fid_threshold": 0.95,
      "S_threshold": 0.15
    },
    "P3.4": {
      "passed": false,
      "delta_aic": 0.6924344906672673,
      "delta_bic": 0.6924344906672673,
      "S_inf_sat": 0.18014097940299278,
      "c_sat": 0.1,
      "aic_sat": -34.79361667199267,
      "bic_sat": -36.59639209465645,
      "a_log": 0.0034621034648368585,
      "b_log": 0.16964243534171392,
      "aic_log": -34.101182181325406,
      "bic_log": -35.903957603989184
    }
  },
  "timestamp": "2026-02-27T21:33:25.984815+00:00"
}