{
  "run_id": "20260228T045623Z_5b6b9c3a",
  "config": {
    "L": 8,
    "A_size": 4,
    "model": "ising_cyclic",
    "chi_sweep": [
      2,
      4
    ],
    "restarts": 1,
    "steps": 30,
    "seed": 42
  },
  "ed_reference": {
    "energy": -4.254541117570136,
    "entropy": 0.17890713707831896
  },
  "verdict": "REJECTED"
}