{
  "chi_sweep": [
    2,
    4
  ],
  "ed_reference": {
    "energy": -4.254541117570136,
    "entropy": 0.17890713707831896
  },
  "best_per_chi": [
    {
      "chi": 2,
      "fidelity": 0.12378978612870427,
      "entropy": 0.0958044279815252
    },
    {
      "chi": 4,
      "fidelity": 0.10071592749515407,
      "entropy": 0.047540407031726364
    }
  ]
}