{
  "claim": "3P",
  "model": "ising_cyclic",
  "L": 8,
  "verdict": "REJECTED",
  "falsifiers": {
    "P3.1": {
      "passed": false,
      "violations": [
        {
          "chi_i": 2,
          "chi_i+1": 4,
          "fid_i": 0.12378978612870427,
          "fid_i+1": 0.10071592749515407,
          "drop": 0.0230738586335502
        }
      ],
      "n_checks": 1,
      "eps_fid": 0.0001
    },
    "P3.2": {
      "passed": false,
      "errors": [
        0.08310270909679375,
        0.1313667300465926
      ],
      "violations": [
        {
          "chi_i": 2,
          "chi_i+1": 4,
          "error_i": 0.08310270909679375,
          "error_i+1": 0.1313667300465926
        }
      ],
      "n_checks": 1,
      "eps_S": 0.001
    },
    "P3.3": {
      "passed": false,
      "fid_passed": false,
      "S_passed": true,
      "best_fidelity": 0.10071592749515407,
      "final_entropy_error": 0.1313667300465926,
      "fid_threshold": 0.95,
      "S_threshold": 0.15
    },
    "P3.4": {
      "passed": false,
      "delta_aic": -43.40097851914802,
      "delta_bic": -43.400978519148026,
      "S_inf_sat": 0.14312570966265517,
      "c_sat": 2.972413793103448,
      "aic_sat": -9.24735807382897,
      "bic_sat": -11.861063712709079,
      "a_log": -0.06963026367763583,
      "b_log": 0.14406844893132403,
      "aic_log": -52.64833659297699,
      "bic_log": -55.2620422318571
    }
  },
  "timestamp": "2026-02-28T04:56:34.720808+00:00"
}