{
  "chi_sweep": [
    2,
    4
  ],
  "ed_reference": {
    "energy": -6.911737145575111,
    "entropy": 0.5923070339033604
  },
  "best_per_chi": [
    {
      "chi": 2,
      "fidelity": 0.4506486803938614,
      "entropy": 0.1921092219964806
    },
    {
      "chi": 4,
      "fidelity": 0.5018022697078555,
      "entropy": 0.3369751286998
    }
  ]
}