chi,restart,seed,fidelity,entropy,energy
2,0,20042,0.4506486803938614,0.1921092219964806,-6.302804802175847
4,0,40042,0.5018022697078555,0.3369751286998,-6.510462191918245
