{
  "run_id": "20260228T053308Z_bd42c8d6",
  "config": {
    "L": 8,
    "A_size": 4,
    "model": "ising_open",
    "chi_sweep": [
      2,
      4
    ],
    "restarts": 1,
    "steps": 30,
    "seed": 42
  },
  "ed_reference": {
    "energy": -4.221285373302046,
    "entropy": 0.08879193953541165
  },
  "verdict": "REJECTED"
}