{
  "chi_sweep": [
    2,
    4
  ],
  "ed_reference": {
    "energy": -3.6510934089371787,
    "entropy": 1.0511658766146592
  },
  "best_per_chi": [
    {
      "chi": 2,
      "fidelity": 0.5785630168949701,
      "entropy": 0.5153730690514436
    },
    {
      "chi": 4,
      "fidelity": 0.7539525191299505,
      "entropy": 0.8595941504730411
    }
  ]
}