{
  "chi_sweep": [
    2,
    4
  ],
  "ed_reference": {
    "energy": -4.254541117570137,
    "entropy": 0.1789071370783173
  },
  "best_per_chi": [
    {
      "chi": 2,
      "fidelity": 0.09895111433391088,
      "entropy": 0.07438091864444739
    },
    {
      "chi": 4,
      "fidelity": 0.10131072338794582,
      "entropy": 0.05947257768968175
    }
  ]
}