{
  "chi_sweep": [
    2,
    4
  ],
  "ed_reference": {
    "energy": -4.221285373302051,
    "entropy": 0.08879193953541195
  },
  "best_per_chi": [
    {
      "chi": 2,
      "fidelity": 0.20234138595531323,
      "entropy": 0.033435721897560305
    },
    {
      "chi": 4,
      "fidelity": 0.22181149396782943,
      "entropy": 0.047647051606243364
    }
  ]
}