chi,restart,seed,fidelity,entropy,energy
2,0,20042,0.20234138595531323,0.033435721897560305,-9.639507185251
4,0,40042,0.22181149396782943,0.047647051606243364,-9.664966519006786
