{
  "run_id": "20260228T045340Z_38418b9a",
  "config": {
    "L": 8,
    "A_size": 4,
    "model": "ising_cyclic",
    "chi_sweep": [
      2,
      4
    ],
    "restarts": 1,
    "steps": 30,
    "seed": 49
  },
  "ed_reference": {
    "energy": -4.254541117570142,
    "entropy": 0.17890713707831601
  },
  "verdict": "REJECTED"
}