{
  "metadata": {
    "run_id": "20260302T042156Z_a424a4ad",
    "timestamp": "2026-03-02T04:21:56.053506+00:00",
    "test": "H1_capacity_entanglement_correlation_REAL_MERA",
    "version": "1.0.0",
    "config": {
      "chi_values": [
        4,
        8
      ],
      "model": "heisenberg_cyclic",
      "L": 8,
      "steps": 10,
      "seed": 42,
      "delta": 0.5
    }
  },
  "measurements": [
    {
      "chi": 4,
      "L": 8,
      "model": "heisenberg_cyclic",
      "entanglement_entropy": 0.32005715235943905,
      "entanglement_gap": 0.9075623747104401,
      "entanglement_spectrum": [
        0.9371614182762893,
        0.029599043565849154,
        0.022242094607438735,
        0.00290421199100935,
        0.0023918840045466447,
        0.0018862286000987207,
        0.0013934128285547054,
        0.0011894854784377203,
        0.0005812615568448952,
        0.0002748839821484776,
        0.00020830133805450766,
        0.00010008587836470485,
        3.95593398971523e-05,
        1.822300815596422e-05,
        8.152519359520464e-06,
        1.7530249501793513e-06
      ],
      "energy": -3.1516492803632032,
      "capacity": 0.32005715235943905,
      "capacity_of_entanglement": 1.046937783750657,
      "optimization_steps": 10,
      "seed": 40042
    },
    {
      "chi": 8,
      "L": 8,
      "model": "heisenberg_cyclic",
      "entanglement_entropy": 0.4625799348749142,
      "entanglement_gap": 0.8778424411427906,
      "entanglement_spectrum": [
        0.909987180425542,
        0.03214473928275144,
        0.024333183086686385,
        0.0106514678632221,
        0.008417290746245925,
        0.0055075331647570025,
        0.0022738080276591775,
        0.0020181181359306085,
        0.0017144235957953205,
        0.0012786640984092303,
        0.0008257048383734192,
        0.00045422516993410763,
        0.00026513109235588975,
        8.31866879971043e-05,
        4.2514522615936346e-05,
        2.8292617242717043e-06
      ],
      "energy": -3.3038768330198196,
      "capacity": 0.4625799348749142,
      "capacity_of_entanglement": 1.4576721967578241,
      "optimization_steps": 10,
      "seed": 81042
    }
  ],
  "correlation_analysis": {
    "slope": 1.0,
    "intercept": 0.0,
    "r_squared": 1.0,
    "p_value": 0.0,
    "std_err": 0.0,
    "n_points": 2,
    "correlation": 1.0
  },
  "hypothesis": {
    "H1": "C \u221d S",
    "threshold": 0.95,
    "r_squared": 1.0,
    "passed": true
  },
  "verdict": "ACCEPT"
}