{
  "0.5": {
    "8": {
      "status": "OK",
      "S": 0.697092326902649,
      "energy": -2.8432490260075096,
      "elapsed_sec": 0.02854299545288086,
      "settings": {
        "bond_dims": [
          64,
          128,
          192,
          256
        ],
        "cutoffs": [
          1e-12
        ],
        "max_sweeps": 30,
        "tol": 1e-08
      }
    },
    "12": {
      "status": "OK",
      "S": 0.8183125815272854,
      "energy": -4.33814833091706,
      "elapsed_sec": 0.05007290840148926,
      "settings": {
        "bond_dims": [
          64,
          128,
          192,
          256
        ],
        "cutoffs": [
          1e-12
        ],
        "max_sweeps": 30,
        "tol": 1e-08
      }
    },
    "16": {
      "status": "OK",
      "S": 0.9023259672726495,
      "energy": -5.835388676263984,
      "elapsed_sec": 0.23803997039794922,
      "settings": {
        "bond_dims": [
          64,
          128,
          192,
          256
        ],
        "cutoffs": [
          1e-12
        ],
        "max_sweeps": 30,
        "tol": 1e-08
      }
    },
    "20": {
      "status": "OK",
      "S": 0.9662056136004705,
      "energy": -7.333654430812246,
      "elapsed_sec": 0.4175260066986084,
      "settings": {
        "bond_dims": [
          64,
          128,
          192,
          256
        ],
        "cutoffs": [
          1e-12
        ],
        "max_sweeps": 30,
        "tol": 1e-08
      }
    },
    "24": {
      "status": "OK",
      "S": 1.0175688160759222,
      "energy": -8.832462041886302,
      "elapsed_sec": 0.8023622035980225,
      "settings": {
        "bond_dims": [
          64,
          128,
          192,
          256
        ],
        "cutoffs": [
          1e-12
        ],
        "max_sweeps": 30,
        "tol": 1e-08
      }
    },
    "28": {
      "status": "OK",
      "S": 1.0604348617137738,
      "energy": -10.331591224043565,
      "elapsed_sec": 1.333225965499878,
      "settings": {
        "bond_dims": [
          64,
          128,
          192,
          256
        ],
        "cutoffs": [
          1e-12
        ],
        "max_sweeps": 30,
        "tol": 1e-08
      }
    },
    "32": {
      "status": "OK",
      "S": 1.0971710618029709,
      "energy": -11.830927043054933,
      "elapsed_sec": 1.6352970600128174,
      "settings": {
        "bond_dims": [
          64,
          128,
          192,
          256
        ],
        "cutoffs": [
          1e-12
        ],
        "max_sweeps": 30,
        "tol": 1e-08
      }
    },
    "36": {
      "status": "OK",
      "S": 1.1292844781877411,
      "energy": -13.330403590101255,
      "elapsed_sec": 2.4967100620269775,
      "settings": {
        "bond_dims": [
          64,
          128,
          192,
          256
        ],
        "cutoffs": [
          1e-12
        ],
        "max_sweeps": 30,
        "tol": 1e-08
      }
    },
    "40": {
      "status": "OK",
      "S": 1.1577915130054526,
      "energy": -14.829980332586521,
      "elapsed_sec": 2.8533201217651367,
      "settings": {
        "bond_dims": [
          64,
          128,
          192,
          256
        ],
        "cutoffs": [
          1e-12
        ],
        "max_sweeps": 30,
        "tol": 1e-08
      }
    },
    "44": {
      "status": "OK",
      "S": 1.1834091363549117,
      "energy": -16.329630961052846,
      "elapsed_sec": 3.314729928970337,
      "settings": {
        "bond_dims": [
          64,
          128,
          192,
          256
        ],
        "cutoffs": [
          1e-12
        ],
        "max_sweeps": 30,
        "tol": 1e-08
      }
    }
  },
  "2.0": {
    "8": {
      "status": "OK",
      "S": 0.759239059497353,
      "energy": -4.611274141649151,
      "elapsed_sec": 0.012684106826782227,
      "settings": {
        "bond_dims": [
          64,
          128,
          192,
          256
        ],
        "cutoffs": [
          1e-12
        ],
        "max_sweeps": 30,
        "tol": 1e-08
      }
    },
    "12": {
      "status": "OK",
      "S": 0.9117265555512672,
      "energy": -7.0569547865737565,
      "elapsed_sec": 0.04720187187194824,
      "settings": {
        "bond_dims": [
          64,
          128,
          192,
          256
        ],
        "cutoffs": [
          1e-12
        ],
        "max_sweeps": 30,
        "tol": 1e-08
      }
    },
    "16": {
      "status": "OK",
      "S": 1.024428265651374,
      "energy": -9.5109529804792,
      "elapsed_sec": 0.25452518463134766,
      "settings": {
        "bond_dims": [
          64,
          128,
          192,
          256
        ],
        "cutoffs": [
          1e-12
        ],
        "max_sweeps": 30,
        "tol": 1e-08
      }
    },
    "20": {
      "status": "OK",
      "S": 1.112856228695351,
      "energy": -11.969617604952397,
      "elapsed_sec": 0.45838499069213867,
      "settings": {
        "bond_dims": [
          64,
          128,
          192,
          256
        ],
        "cutoffs": [
          1e-12
        ],
        "max_sweeps": 30,
        "tol": 1e-08
      }
    },
    "24": {
      "status": "OK",
      "S": 1.1834002505992163,
      "energy": -14.43129751593425,
      "elapsed_sec": 0.8799350261688232,
      "settings": {
        "bond_dims": [
          64,
          128,
          192,
          256
        ],
        "cutoffs": [
          1e-12
        ],
        "max_sweeps": 30,
        "tol": 1e-08
      }
    },
    "28": {
      "status": "OK",
      "S": 1.2393983309834262,
      "energy": -16.895059764982115,
      "elapsed_sec": 1.9652600288391113,
      "settings": {
        "bond_dims": [
          64,
          128,
          192,
          256
        ],
        "cutoffs": [
          1e-12
        ],
        "max_sweeps": 30,
        "tol": 1e-08
      }
    },
    "32": {
      "status": "OK",
      "S": 1.2831642730577568,
      "energy": -19.36030272721554,
      "elapsed_sec": 2.3760008811950684,
      "settings": {
        "bond_dims": [
          64,
          128,
          192,
          256
        ],
        "cutoffs": [
          1e-12
        ],
        "max_sweeps": 30,
        "tol": 1e-08
      }
    },
    "36": {
      "status": "OK",
      "S": 1.3167020454481322,
      "energy": -21.826608704904505,
      "elapsed_sec": 5.330703973770142,
      "settings": {
        "bond_dims": [
          64,
          128,
          192,
          256
        ],
        "cutoffs": [
          1e-12
        ],
        "max_sweeps": 30,
        "tol": 1e-08
      }
    },
    "40": {
      "status": "OK",
      "S": 1.3418896228759631,
      "energy": -24.293677381230697,
      "elapsed_sec": 10.06920313835144,
      "settings": {
        "bond_dims": [
          64,
          128,
          192,
          256
        ],
        "cutoffs": [
          1e-12
        ],
        "max_sweeps": 30,
        "tol": 1e-08
      }
    },
    "44": {
      "status": "OK",
      "S": 1.3604600791282768,
      "energy": -26.76129040708698,
      "elapsed_sec": 18.213620901107788,
      "settings": {
        "bond_dims": [
          64,
          128,
          192,
          256
        ],
        "cutoffs": [
          1e-12
        ],
        "max_sweeps": 30,
        "tol": 1e-08
      }
    }
  }
}