{
  "0.5": {
    "8": {
      "status": "OK",
      "S": 0.6970923269076978,
      "energy": -2.8432490260075043,
      "elapsed_sec": 0.03256583213806152,
      "settings": {
        "bond_dims": [
          64,
          128,
          192,
          256
        ],
        "cutoffs": [
          1e-12
        ],
        "max_sweeps": 30,
        "tol": 1e-08
      }
    },
    "10": {
      "status": "OK",
      "S": 1.0710573294860222,
      "energy": -3.5902507029820314,
      "elapsed_sec": 0.0288388729095459,
      "settings": {
        "bond_dims": [
          64,
          128,
          192,
          256
        ],
        "cutoffs": [
          1e-12
        ],
        "max_sweeps": 30,
        "tol": 1e-08
      }
    },
    "12": {
      "status": "OK",
      "S": 0.8183125803023018,
      "energy": -4.338148330917044,
      "elapsed_sec": 0.055655717849731445,
      "settings": {
        "bond_dims": [
          64,
          128,
          192,
          256
        ],
        "cutoffs": [
          1e-12
        ],
        "max_sweeps": 30,
        "tol": 1e-08
      }
    },
    "14": {
      "status": "OK",
      "S": 1.109825867904577,
      "energy": -5.08659041144663,
      "elapsed_sec": 0.11820793151855469,
      "settings": {
        "bond_dims": [
          64,
          128,
          192,
          256
        ],
        "cutoffs": [
          1e-12
        ],
        "max_sweeps": 30,
        "tol": 1e-08
      }
    },
    "16": {
      "status": "OK",
      "S": 0.9023259672744671,
      "energy": -5.835388676264013,
      "elapsed_sec": 0.19414520263671875,
      "settings": {
        "bond_dims": [
          64,
          128,
          192,
          256
        ],
        "cutoffs": [
          1e-12
        ],
        "max_sweeps": 30,
        "tol": 1e-08
      }
    },
    "18": {
      "status": "OK",
      "S": 1.1439718241217822,
      "energy": -6.584432964245282,
      "elapsed_sec": 0.30637383460998535,
      "settings": {
        "bond_dims": [
          64,
          128,
          192,
          256
        ],
        "cutoffs": [
          1e-12
        ],
        "max_sweeps": 30,
        "tol": 1e-08
      }
    },
    "20": {
      "status": "OK",
      "S": 0.9662056134621403,
      "energy": -7.333654430812261,
      "elapsed_sec": 0.6037721633911133,
      "settings": {
        "bond_dims": [
          64,
          128,
          192,
          256
        ],
        "cutoffs": [
          1e-12
        ],
        "max_sweeps": 30,
        "tol": 1e-08
      }
    },
    "22": {
      "status": "OK",
      "S": 1.1740936667744168,
      "energy": -8.083007797223093,
      "elapsed_sec": 0.7270369529724121,
      "settings": {
        "bond_dims": [
          64,
          128,
          192,
          256
        ],
        "cutoffs": [
          1e-12
        ],
        "max_sweeps": 30,
        "tol": 1e-08
      }
    },
    "24": {
      "status": "OK",
      "S": 1.0175688181122942,
      "energy": -8.832462041890738,
      "elapsed_sec": 0.9595820903778076,
      "settings": {
        "bond_dims": [
          64,
          128,
          192,
          256
        ],
        "cutoffs": [
          1e-12
        ],
        "max_sweeps": 30,
        "tol": 1e-08
      }
    }
  },
  "2.0": {
    "8": {
      "status": "OK",
      "S": 0.759239059440238,
      "energy": -4.611274141649156,
      "elapsed_sec": 0.011906862258911133,
      "settings": {
        "bond_dims": [
          64,
          128,
          192,
          256
        ],
        "cutoffs": [
          1e-12
        ],
        "max_sweeps": 30,
        "tol": 1e-08
      }
    },
    "10": {
      "status": "OK",
      "S": 1.0878965589151102,
      "energy": -5.832681365215287,
      "elapsed_sec": 0.023586034774780273,
      "settings": {
        "bond_dims": [
          64,
          128,
          192,
          256
        ],
        "cutoffs": [
          1e-12
        ],
        "max_sweeps": 30,
        "tol": 1e-08
      }
    },
    "12": {
      "status": "OK",
      "S": 0.9117265767179977,
      "energy": -7.05695478657372,
      "elapsed_sec": 0.047044992446899414,
      "settings": {
        "bond_dims": [
          64,
          128,
          192,
          256
        ],
        "cutoffs": [
          1e-12
        ],
        "max_sweeps": 30,
        "tol": 1e-08
      }
    },
    "14": {
      "status": "OK",
      "S": 1.1417880904137325,
      "energy": -8.28321724481217,
      "elapsed_sec": 0.1213839054107666,
      "settings": {
        "bond_dims": [
          64,
          128,
          192,
          256
        ],
        "cutoffs": [
          1e-12
        ],
        "max_sweeps": 30,
        "tol": 1e-08
      }
    },
    "16": {
      "status": "OK",
      "S": 1.0244282664366193,
      "energy": -9.510952980479171,
      "elapsed_sec": 0.2671968936920166,
      "settings": {
        "bond_dims": [
          64,
          128,
          192,
          256
        ],
        "cutoffs": [
          1e-12
        ],
        "max_sweeps": 30,
        "tol": 1e-08
      }
    },
    "18": {
      "status": "OK",
      "S": 1.19162651488044,
      "energy": -10.73982963217084,
      "elapsed_sec": 0.29967784881591797,
      "settings": {
        "bond_dims": [
          64,
          128,
          192,
          256
        ],
        "cutoffs": [
          1e-12
        ],
        "max_sweeps": 30,
        "tol": 1e-08
      }
    },
    "20": {
      "status": "OK",
      "S": 1.1128562194880838,
      "energy": -11.969617604954303,
      "elapsed_sec": 0.4778149127960205,
      "settings": {
        "bond_dims": [
          64,
          128,
          192,
          256
        ],
        "cutoffs": [
          1e-12
        ],
        "max_sweeps": 30,
        "tol": 1e-08
      }
    },
    "22": {
      "status": "OK",
      "S": 1.2359930640817314,
      "energy": -13.200149418124065,
      "elapsed_sec": 0.6458640098571777,
      "settings": {
        "bond_dims": [
          64,
          128,
          192,
          256
        ],
        "cutoffs": [
          1e-12
        ],
        "max_sweeps": 30,
        "tol": 1e-08
      }
    },
    "24": {
      "status": "OK",
      "S": 1.1834002511165684,
      "energy": -14.431297515933428,
      "elapsed_sec": 1.0050098896026611,
      "settings": {
        "bond_dims": [
          64,
          128,
          192,
          256
        ],
        "cutoffs": [
          1e-12
        ],
        "max_sweeps": 30,
        "tol": 1e-08
      }
    }
  }
}