{
  "0.95": {
    "8": {
      "status": "OK",
      "S": 0.6596223524150198,
      "energy": -3.318981462278086,
      "elapsed_sec": 0.02954411506652832,
      "settings": {
        "bond_dims": [
          64,
          128,
          192,
          256
        ],
        "cutoffs": [
          1e-12
        ],
        "max_sweeps": 30,
        "tol": 1e-08
      }
    },
    "12": {
      "status": "OK",
      "S": 0.7749208024021711,
      "energy": -5.0569086519663315,
      "elapsed_sec": 0.05443692207336426,
      "settings": {
        "bond_dims": [
          64,
          128,
          192,
          256
        ],
        "cutoffs": [
          1e-12
        ],
        "max_sweeps": 30,
        "tol": 1e-08
      }
    },
    "16": {
      "status": "OK",
      "S": 0.8550229181218193,
      "energy": -6.797287499701053,
      "elapsed_sec": 0.21743988990783691,
      "settings": {
        "bond_dims": [
          64,
          128,
          192,
          256
        ],
        "cutoffs": [
          1e-12
        ],
        "max_sweeps": 30,
        "tol": 1e-08
      }
    },
    "20": {
      "status": "OK",
      "S": 0.9160590977319494,
      "energy": -8.538740165959931,
      "elapsed_sec": 0.468707799911499,
      "settings": {
        "bond_dims": [
          64,
          128,
          192,
          256
        ],
        "cutoffs": [
          1e-12
        ],
        "max_sweeps": 30,
        "tol": 1e-08
      }
    },
    "24": {
      "status": "OK",
      "S": 0.9652268934885766,
      "energy": -10.280760795405582,
      "elapsed_sec": 0.7451150417327881,
      "settings": {
        "bond_dims": [
          64,
          128,
          192,
          256
        ],
        "cutoffs": [
          1e-12
        ],
        "max_sweeps": 30,
        "tol": 1e-08
      }
    },
    "28": {
      "status": "OK",
      "S": 1.0063263639066273,
      "energy": -12.023118926552067,
      "elapsed_sec": 1.4893009662628174,
      "settings": {
        "bond_dims": [
          64,
          128,
          192,
          256
        ],
        "cutoffs": [
          1e-12
        ],
        "max_sweeps": 30,
        "tol": 1e-08
      }
    },
    "32": {
      "status": "OK",
      "S": 1.0415976016102872,
      "energy": -13.765694242477808,
      "elapsed_sec": 1.5711359977722168,
      "settings": {
        "bond_dims": [
          64,
          128,
          192,
          256
        ],
        "cutoffs": [
          1e-12
        ],
        "max_sweeps": 30,
        "tol": 1e-08
      }
    },
    "36": {
      "status": "OK",
      "S": 1.072467908707849,
      "energy": -15.508417687035017,
      "elapsed_sec": 2.123087167739868,
      "settings": {
        "bond_dims": [
          64,
          128,
          192,
          256
        ],
        "cutoffs": [
          1e-12
        ],
        "max_sweeps": 30,
        "tol": 1e-08
      }
    },
    "40": {
      "status": "OK",
      "S": 1.0999009242597684,
      "energy": -17.251246749131788,
      "elapsed_sec": 2.766019821166992,
      "settings": {
        "bond_dims": [
          64,
          128,
          192,
          256
        ],
        "cutoffs": [
          1e-12
        ],
        "max_sweeps": 30,
        "tol": 1e-08
      }
    },
    "44": {
      "status": "OK",
      "S": 1.1245769613960004,
      "energy": -18.994153805441346,
      "elapsed_sec": 3.51798677444458,
      "settings": {
        "bond_dims": [
          64,
          128,
          192,
          256
        ],
        "cutoffs": [
          1e-12
        ],
        "max_sweeps": 30,
        "tol": 1e-08
      }
    }
  },
  "1.0": {
    "8": {
      "status": "OK",
      "S": 0.6592766816770644,
      "energy": -3.37493259868789,
      "elapsed_sec": 0.012226104736328125,
      "settings": {
        "bond_dims": [
          64,
          128,
          192,
          256
        ],
        "cutoffs": [
          1e-12
        ],
        "max_sweeps": 30,
        "tol": 1e-08
      }
    },
    "12": {
      "status": "OK",
      "S": 0.7744866724377315,
      "energy": -5.142090632836481,
      "elapsed_sec": 0.041481971740722656,
      "settings": {
        "bond_dims": [
          64,
          128,
          192,
          256
        ],
        "cutoffs": [
          1e-12
        ],
        "max_sweeps": 30,
        "tol": 1e-08
      }
    },
    "16": {
      "status": "OK",
      "S": 0.8545184195515146,
      "energy": -6.911737145556263,
      "elapsed_sec": 0.17144393920898438,
      "settings": {
        "bond_dims": [
          64,
          128,
          192,
          256
        ],
        "cutoffs": [
          1e-12
        ],
        "max_sweeps": 30,
        "tol": 1e-08
      }
    },
    "20": {
      "status": "OK",
      "S": 0.9154954062877404,
      "energy": -8.682473334363197,
      "elapsed_sec": 0.42403507232666016,
      "settings": {
        "bond_dims": [
          64,
          128,
          192,
          256
        ],
        "cutoffs": [
          1e-12
        ],
        "max_sweeps": 30,
        "tol": 1e-08
      }
    },
    "24": {
      "status": "OK",
      "S": 0.9646117141413554,
      "energy": -10.453785760363095,
      "elapsed_sec": 0.9197371006011963,
      "settings": {
        "bond_dims": [
          64,
          128,
          192,
          256
        ],
        "cutoffs": [
          1e-12
        ],
        "max_sweeps": 30,
        "tol": 1e-08
      }
    },
    "28": {
      "status": "OK",
      "S": 1.0056653797222734,
      "energy": -12.22544054853671,
      "elapsed_sec": 0.9991629123687744,
      "settings": {
        "bond_dims": [
          64,
          128,
          192,
          256
        ],
        "cutoffs": [
          1e-12
        ],
        "max_sweeps": 30,
        "tol": 1e-08
      }
    },
    "32": {
      "status": "OK",
      "S": 1.0408952223364234,
      "energy": -13.997315618144723,
      "elapsed_sec": 1.5604991912841797,
      "settings": {
        "bond_dims": [
          64,
          128,
          192,
          256
        ],
        "cutoffs": [
          1e-12
        ],
        "max_sweeps": 30,
        "tol": 1e-08
      }
    },
    "36": {
      "status": "OK",
      "S": 1.0717276524924368,
      "energy": -15.769340909798533,
      "elapsed_sec": 2.089111089706421,
      "settings": {
        "bond_dims": [
          64,
          128,
          192,
          256
        ],
        "cutoffs": [
          1e-12
        ],
        "max_sweeps": 30,
        "tol": 1e-08
      }
    },
    "40": {
      "status": "OK",
      "S": 1.0991256858718563,
      "energy": -17.54147329978995,
      "elapsed_sec": 2.777730941772461,
      "settings": {
        "bond_dims": [
          64,
          128,
          192,
          256
        ],
        "cutoffs": [
          1e-12
        ],
        "max_sweeps": 30,
        "tol": 1e-08
      }
    },
    "44": {
      "status": "OK",
      "S": 1.1237692037991784,
      "energy": -19.313684769609633,
      "elapsed_sec": 3.5558199882507324,
      "settings": {
        "bond_dims": [
          64,
          128,
          192,
          256
        ],
        "cutoffs": [
          1e-12
        ],
        "max_sweeps": 30,
        "tol": 1e-08
      }
    }
  },
  "1.05": {
    "8": {
      "status": "OK",
      "S": 0.6596143643115723,
      "energy": -3.431477215671349,
      "elapsed_sec": 0.012795209884643555,
      "settings": {
        "bond_dims": [
          64,
          128,
          192,
          256
        ],
        "cutoffs": [
          1e-12
        ],
        "max_sweeps": 30,
        "tol": 1e-08
      }
    },
    "12": {
      "status": "OK",
      "S": 0.7749177782921227,
      "energy": -5.228309748418189,
      "elapsed_sec": 0.04225611686706543,
      "settings": {
        "bond_dims": [
          64,
          128,
          192,
          256
        ],