chi,restart,seed,fidelity,entropy,energy
2,0,20043,0.07807195013748568,0.019033183378567697,-10.07211982611554
4,0,40043,0.10729619038069485,0.09037732653062318,-10.111593089317342
