{
  "chi_sweep": [
    2,
    4
  ],
  "ed_reference": {
    "energy": -4.254541117570136,
    "entropy": 0.17890713707831724
  },
  "best_per_chi": [
    {
      "chi": 2,
      "fidelity": 0.07807195013748568,
      "entropy": 0.019033183378567697
    },
    {
      "chi": 4,
      "fidelity": 0.10729619038069485,
      "entropy": 0.09037732653062318
    }
  ]
}