{
  "claim": "3P",
  "model": "ising_cyclic",
  "L": 8,
  "verdict": "REJECTED",
  "falsifiers": {
    "P3.1": {
      "passed": true,
      "violations": [],
      "n_checks": 1,
      "eps_fid": 0.0001
    },
    "P3.2": {
      "passed": true,
      "errors": [
        0.15987395369974955,
        0.08852981054769406
      ],
      "violations": [],
      "n_checks": 1,
      "eps_S": 0.001
    },
    "P3.3": {
      "passed": false,
      "fid_passed": false,
      "S_passed": true,
      "best_fidelity": 0.10729619038069485,
      "final_entropy_error": 0.08852981054769406,
      "fid_threshold": 0.95,
      "S_threshold": 0.15
    },
    "P3.4": {
      "passed": false,
      "delta_aic": -41.28853523501334,
      "delta_bic": -41.28853523501335,
      "S_inf_sat": 0.2146885644939807,
      "c_sat": 7.896551724137931,
      "aic_sat": -11.359801357963645,
      "bic_sat": -13.973506996843755,
      "a_log": 0.10292784152194277,
      "b_log": -0.05231095977348783,
      "aic_log": -52.64833659297699,
      "bic_log": -55.2620422318571
    }
  },
  "timestamp": "2026-02-28T04:46:27.339899+00:00"
}