{
  "chi_sweep": [
    2,
    4,
    8
  ],
  "ed_reference": {
    "energy": -8.508356248173708,
    "entropy": 0.1776933144259567
  },
  "best_per_chi": [
    {
      "chi": 2,
      "fidelity": 0.007511402836573312,
      "entropy": 0.03786745070216267
    },
    {
      "chi": 4,
      "fidelity": 0.011278908160774913,
      "entropy": 0.08134180675702768
    },
    {
      "chi": 8,
      "fidelity": 0.015537710534499349,
      "entropy": 0.11393625890449245
    }
  ]
}