chi,restart,seed,fidelity,entropy,energy
2,0,20042,0.07531439422247183,0.028982203272972087,-10.08048947504114
4,0,40042,0.08610420032070998,0.04473933084384597,-10.106694293666116
