chi,restart,seed,fidelity,entropy,energy
2,0,20042,0.22263724664923767,0.004154511413167379,-9.66819736756617
4,0,40042,0.29542107191666395,0.1522828024789055,-9.706934445901908
