chi,restart,seed,fidelity,entropy,energy
2,0,20043,0.5809477987983522,0.5292402881670992,-3.35896214762435
4,0,40043,0.6767182868108893,0.7366467314940657,-3.4378804515340637
