chi,restart,seed,fidelity,entropy,energy
2,0,20048,0.008374717972953248,0.06905651231898821,-20.201938332139324
4,0,40048,0.009284314775286817,0.04975181279113893,-20.22832786015052
8,0,80048,0.01394990837731899,0.09622315972540549,-20.299188691715276
