{
  "chi_sweep": [
    2,
    4
  ],
  "ed_reference": {
    "energy": -3.6510934089371747,
    "entropy": 1.0511658766146608
  },
  "best_per_chi": [
    {
      "chi": 2,
      "fidelity": 0.5488840481925236,
      "entropy": 0.4941343491591296
    },
    {
      "chi": 4,
      "fidelity": 0.7510828713832846,
      "entropy": 0.8170053537706914
    }
  ]
}