chi,restart,seed,fidelity,entropy,energy
2,0,20046,0.5488840481925236,0.4941343491591296,-3.233433660689845
4,0,40046,0.7510828713832846,0.8170053537706914,-3.4759930919228785
