{
  "chi_sweep": [
    2,
    4,
    8
  ],
  "per_partition": {
    "part_A_16": {
      "partition": {
        "partition_id": "part_A_16",
        "subsystem_size": 16,
        "K_cut": 2.0
      },
      "corr_medians_log_chi": 0.9999665180610279,
      "falsifier_3_3_model_selection": {
        "passed": false,
        "pass_condition": {
          "delta_aic_min": 10.0,
          "delta_bic_min": 10.0,
          "log_slope_positive": true
        },
        "delta_aic": -13.460379692944596,
        "delta_bic": -14.361767404276485,
        "model_1_log_linear": {
          "a": 2.0287555415155296,
          "b": -0.05315152673856913,
          "rss": 0.00026485169949757876,
          "aic": -24.004858405495572,
          "bic": -25.807633828159354
        },
        "model_2_linear_chi": {
          "a": 0.4512894225105257,
          "b": 0.6532835355060179,
          "rss": 0.15351567727632295,
          "aic": -4.917694621234439,
          "bic": -6.720470043898219
        },
        "model_3_log_power": {
          "p": 0.95,
          "a": 2.165545151911749,
          "b": -0.18187349155791088,
          "rss": 1.5306770397285373e-06,
          "aic": -37.46523809844017,
          "bic": -40.16940123243584
        }
      },
      "slope_stats": {
        "mean": 1.906285028844665,
        "cv": 0.0955470731225862
      }
    },
    "part_A_8": {
      "partition": {
        "partition_id": "part_A_8",
        "subsystem_size": 8,
        "K_cut": 3.0
      },
      "corr_medians_log_chi": 0.9999866616561914,
      "falsifier_3_3_model_selection": {
        "passed": false,
        "pass_condition": {
          "delta_aic_min": 10.0,
          "delta_bic_min": 10.0,
          "log_slope_positive": true
        },
        "delta_aic": -10.557953705264694,
        "delta_bic": -11.459341416596583,
        "model_1_log_linear": {
          "a": 3.0,
          "b": -0.006200923658444144,
          "rss": 0.00023070872530719745,
          "aic": -24.418900583471142,
          "bic": -26.221676006134924
        },
        "model_2_linear_chi": {
          "a": 0.6690563087890662,
          "b": 1.030419385352249,
          "rss": 0.2925065317511892,
          "aic": -2.983641711363102,
          "bic": -4.786417134026882
        },
        "model_3_log_power": {
          "p": 1.03,
          "a": 2.8880213116575257,
          "b": 0.09873730226784763,
          "rss": 3.5084397292015894e-06,
          "aic": -34.97685428873584,
          "bic": -37.68101742273151
        }
      },
      "slope_stats": {
        "mean": 2.8967278763291877,
        "cv": 0.061740989091170304
      }
    },
    "part_A_4": {
      "partition": {
        "partition_id": "part_A_4",
        "subsystem_size": 4,
        "K_cut": 4.0
      },
      "corr_medians_log_chi": 0.9996740815864289,
      "falsifier_3_3_model_selection": {
        "passed": false,
        "pass_condition": {
          "delta_aic_min": 10.0,
          "delta_bic_min": 10.0,
          "log_slope_positive": true
        },
        "delta_aic": -41.46668489841174,
        "delta_bic": -42.368072609743635,
        "model_1_log_linear": {
          "a": 4.0,
          "b": -0.040879017597753975,
          "rss": 0.010026564478545157,
          "aic": -13.103388646769332,
          "bic": -14.906164069433112
        },
        "model_2_linear_chi": {
          "a": 0.8955691268911175,
          "b": 1.3249758347232568,
          "rss": 0.41303387043797263,
          "aic": -1.9485139019186448,
          "bic": -3.7512893245824253
        },
        "model_3_log_power": {
          "p": 1.17,
          "a": 3.254669941789013,
          "b": 0.6529272864668526,
          "rss": 5.113344088132548e-09,
          "aic": -54.570073545181074,
          "bic": -57.274236679176745
        }
      },
      "slope_stats": {
        "mean": 3.975225419768242,
        "cv": 0.01080182811774211
      }
    }
  }
}