chi,restart,seed,fidelity,entropy,energy
2,0,20043,0.0878694762994063,0.03446255611155554,-10.101661130094419
4,0,40043,0.09860769512672574,0.06036479308147781,-10.10793599915891
