{
  "loglinear": {
    "a": 0.3262782320004598,
    "b": 0.047385511495539906,
    "aic": -32.20442739413029,
    "bic": -33.43183867189051
  },
  "saturating": {
    "S_inf": 0.4976624217337019,
    "c": 0.20434849639214472,
    "alpha": 0.5284221283760099,
    "rss": 0.0001200136742760172,
    "aic": -35.65679692197618
  },
  "delta_aic": -3.452369527845889
}