chi,entropy,fidelity,ed_entropy,entropy_error
2,0.34769897136514943,0.8270039252445889,0.4569757731133828,0.10927680174823334
4,0.40482094300432225,0.900345585186177,0.4569757731133828,0.052154830109060524
8,0.4333819288239087,0.9424693072500041,0.4569757731133828,0.023593844289474086
16,0.4476624217337019,0.9666630323705394,0.4569757731133828,0.009313351379680868
