{
  "run_id": "20260228T045230Z_3a8cb0d3",
  "config": {
    "L": 16,
    "A_size": 8,
    "model": "ising_cyclic",
    "chi_sweep": [
      2,
      4,
      8
    ],
    "restarts": 1,
    "steps": 40,
    "seed": 48
  },
  "ed_reference": {
    "energy": -8.508356248173698,
    "entropy": 0.17769331442595462
  },
  "verdict": "REJECTED"
}