{
  "chi_sweep": [
    2,
    4,
    8
  ],
  "ed_reference": {
    "energy": -8.508356248173698,
    "entropy": 0.17769331442595462
  },
  "best_per_chi": [
    {
      "chi": 2,
      "fidelity": 0.008374717972953248,
      "entropy": 0.06905651231898821
    },
    {
      "chi": 4,
      "fidelity": 0.009284314775286817,
      "entropy": 0.04975181279113893
    },
    {
      "chi": 8,
      "fidelity": 0.01394990837731899,
      "entropy": 0.09622315972540549
    }
  ]
}