{
  "claim": "3P",
  "model": "ising_cyclic",
  "L": 16,
  "verdict": "REJECTED",
  "falsifiers": {
    "P3.1": {
      "passed": true,
      "violations": [],
      "n_checks": 2,
      "eps_fid": 0.0001
    },
    "P3.2": {
      "passed": false,
      "errors": [
        0.10863680210696641,
        0.12794150163481569,
        0.08147015470054914
      ],
      "violations": [
        {
          "chi_i": 2,
          "chi_i+1": 4,
          "error_i": 0.10863680210696641,
          "error_i+1": 0.12794150163481569
        }
      ],
      "n_checks": 2,
      "eps_S": 0.001
    },
    "P3.3": {
      "passed": false,
      "fid_passed": false,
      "S_passed": true,
      "best_fidelity": 0.01394990837731899,
      "final_entropy_error": 0.08147015470054914,
      "fid_threshold": 0.9,
      "S_threshold": 0.15
    },
    "P3.4": {
      "passed": false,
      "delta_aic": -0.771027746919458,
      "delta_bic": -0.771027746919458,
      "S_inf_sat": 0.1421546515407637,
      "c_sat": 4.220689655172413,
      "aic_sat": -20.229084781517265,
      "bic_sat": -22.031860204181047,
      "a_log": 0.019596593745408602,
      "b_log": 0.044510514205426954,
      "aic_log": -21.000112528436723,
      "bic_log": -22.802887951100505
    }
  },
  "timestamp": "2026-02-28T04:53:33.330859+00:00"
}