chi,restart,seed,fidelity,entropy,energy
2,0,20044,0.08947643165128065,0.043449283880222844,-10.110811382099532
4,0,40044,0.111837834404734,0.09668168916913158,-10.127421796593786
