{
  "chi_sweep": [
    2,
    4,
    8
  ],
  "per_partition": {
    "part_A_16": {
      "partition": {
        "partition_id": "part_A_16",
        "subsystem_size": 16,
        "K_cut": 2.0
      },
      "corr_medians_log_chi": 0.9999665230525405,
      "falsifier_3_3_model_selection": {
        "passed": false,
        "pass_condition": {
          "delta_aic_min": 10.0,
          "delta_bic_min": 10.0,
          "log_slope_positive": true
        },
        "delta_aic": -13.465818676135633,
        "delta_bic": -14.367206387467522,
        "model_1_log_linear": {
          "a": 2.0287533670608116,
          "b": -0.053147507492816444,
          "rss": 0.00026481164556553207,
          "aic": -24.005312134444303,
          "bic": -25.808087557108085
        },
        "model_2_linear_chi": {
          "a": 0.45128899187705224,
          "b": 0.6532865499403316,
          "rss": 0.15351441464292756,
          "aic": -4.917719295690043,
          "bic": -6.720494718353823
        },
        "model_3_log_power": {
          "p": 0.95,
          "a": 2.16554282085528,
          "b": -0.18186932077995036,
          "rss": 1.5276733775889734e-06,
          "aic": -37.471130810579936,
          "bic": -40.17529394457561
        }
      },
      "slope_stats": {
        "mean": 1.974978304450487,
        "cv": 0.02883111277033618
      }
    },
    "part_A_8": {
      "partition": {
        "partition_id": "part_A_8",
        "subsystem_size": 8,
        "K_cut": 3.0
      },
      "corr_medians_log_chi": 0.9989053636014092,
      "falsifier_3_3_model_selection": {
        "passed": false,
        "pass_condition": {
          "delta_aic_min": 10.0,
          "delta_bic_min": 10.0,
          "log_slope_positive": true
        },
        "delta_aic": -29.446868296367892,
        "delta_bic": -30.34825600769978,
        "model_1_log_linear": {
          "a": 2.9499221222216137,
          "b": -0.04114090086399986,
          "rss": 0.018336457981236735,
          "aic": -11.292428750804458,
          "bic": -13.095204173468238
        },
        "model_2_linear_chi": {
          "a": 0.6513116587977267,
          "b": 1.0088650951919156,
          "rss": 0.4616512864821275,
          "aic": -1.6146732581930099,
          "bic": -3.4174486808567903
        },
        "model_3_log_power": {
          "p": 0.69,
          "a": 4.643464138836841,
          "b": -1.657844273521847,
          "rss": 5.139430405292917e-07,
          "aic": -40.73929704717235,
          "bic": -43.44346018116802
        }
      },
      "slope_stats": {
        "mean": 2.94299895833841,
        "cv": 0.018236432155088075
      }
    },
    "part_A_4": {
      "partition": {
        "partition_id": "part_A_4",
        "subsystem_size": 4,
        "K_cut": 4.0
      },
      "corr_medians_log_chi": 0.9990554889193635,
      "falsifier_3_3_model_selection": {
        "passed": false,
        "pass_condition": {
          "delta_aic_min": 10.0,
          "delta_bic_min": 10.0,
          "log_slope_positive": true
        },
        "delta_aic": -35.85259903221741,
        "delta_bic": -36.753986743549305,
        "model_1_log_linear": {
          "a": 3.903575267915949,
          "b": -0.1073469376801876,
          "rss": 0.027698657448054508,
          "aic": -10.054950869632414,
          "bic": -11.857726292296194
        },
        "model_2_linear_chi": {
          "a": 0.8769858196718009,
          "b": 1.2115569526370162,
          "rss": 0.31327810872646633,
          "aic": -2.777828735999787,
          "bic": -4.580604158663567
        },
        "model_3_log_power": {
          "p": 1.29,
          "a": 2.777935683966334,
          "b": 0.9348582001967845,
          "rss": 9.177697889973591e-08,
          "aic": -45.907549901849826,
          "bic": -48.6117130358455
        }
      },
      "slope_stats": {
        "mean": 3.9289461299728203,
        "cv": 0.027216822883950435
      }
    }
  }
}