{
  "chi_sweep": [
    2,
    4,
    8
  ],
  "ed_reference": {
    "energy": -8.508356248173694,
    "entropy": 0.17769331442595634
  },
  "best_per_chi": [
    {
      "chi": 2,
      "fidelity": 0.008481950131311908,
      "entropy": 0.04462444288577924
    },
    {
      "chi": 4,
      "fidelity": 0.010510577728349164,
      "entropy": 0.08578229871241598
    },
    {
      "chi": 8,
      "fidelity": 0.013502385966509217,
      "entropy": 0.08548435815766395
    }
  ]
}