{
  "run_id": "20260228T044934Z_ffe5d18c",
  "config": {
    "L": 8,
    "A_size": 4,
    "model": "ising_cyclic",
    "chi_sweep": [
      2,
      4
    ],
    "restarts": 1,
    "steps": 30,
    "seed": 46
  },
  "ed_reference": {
    "energy": -4.254541117570137,
    "entropy": 0.1789071370783173
  },
  "verdict": "REJECTED"
}