chi,restart,seed,fidelity,entropy,energy
2,0,20046,0.09895111433391088,0.07438091864444739,-10.115451586335672
4,0,40046,0.10131072338794582,0.05947257768968175,-10.122700869374722
