{
  "run_id": "20260228T044729Z_84f4a85c",
  "config": {
    "L": 8,
    "A_size": 4,
    "model": "heisenberg_cyclic",
    "chi_sweep": [
      2,
      4
    ],
    "restarts": 1,
    "steps": 30,
    "seed": 44
  },
  "ed_reference": {
    "energy": -3.651093408937173,
    "entropy": 1.0511658766146599
  },
  "verdict": "REJECTED"
}