chi,restart,seed,fidelity,entropy,energy
2,0,20044,0.5899218284398051,0.5738253146356045,-3.394055019376868
4,0,40044,0.7493222068239953,0.8221830399531673,-3.4727775305740627
