{
  "run_id": "20260228T045220Z_a688e89c",
  "config": {
    "L": 8,
    "A_size": 4,
    "model": "heisenberg_cyclic",
    "chi_sweep": [
      2,
      4
    ],
    "restarts": 1,
    "steps": 30,
    "seed": 48
  },
  "ed_reference": {
    "energy": -3.6510934089371765,
    "entropy": 1.0511658766146605
  },
  "verdict": "REJECTED"
}