chi,restart,seed,fidelity,entropy,energy
2,0,20048,0.6019248890773571,0.5446344671238323,-3.389834950018077
4,0,40048,0.7627293440928067,0.8446103260026026,-3.479171138694949
