{
  "claim": "3P",
  "model": "ising_open",
  "L": 8,
  "verdict": "REJECTED",
  "falsifiers": {
    "P3.1": {
      "passed": true,
      "violations": [],
      "n_checks": 1,
      "eps_fid": 0.0001
    },
    "P3.2": {
      "passed": false,
      "errors": [
        0.03010302799816305,
        0.0500023712168782
      ],
      "violations": [
        {
          "chi_i": 2,
          "chi_i+1": 4,
          "error_i": 0.03010302799816305,
          "error_i+1": 0.0500023712168782
        }
      ],
      "n_checks": 1,
      "eps_S": 0.001
    },
    "P3.3": {
      "passed": false,
      "fid_passed": false,
      "S_passed": true,
      "best_fidelity": 0.25406679151013406,
      "final_entropy_error": 0.0500023712168782,
      "fid_threshold": 0.95,
      "S_threshold": 0.15
    },
    "P3.4": {
      "passed": false,
      "delta_aic": -43.39485576596258,
      "delta_bic": -43.39485576596259,
      "S_inf_sat": 0.10655032744249483,
      "c_sat": 0.5103448275862069,
      "aic_sat": -9.253480827014407,
      "bic_sat": -11.867186465894516,
      "a_log": 0.11556766219597073,
      "b_log": -0.021416487677791998,
      "aic_log": -52.64833659297699,
      "bic_log": -55.2620422318571
    }
  },
  "timestamp": "2026-02-28T03:32:40.952660+00:00"
}