{
  "chi_sweep": [
    2,
    4,
    8
  ],
  "ed_reference": {
    "energy": -8.508356248173687,
    "entropy": 0.17769331442595787
  },
  "best_per_chi": [
    {
      "chi": 2,
      "fidelity": 0.009730944665367856,
      "entropy": 0.014338531896893597
    },
    {
      "chi": 4,
      "fidelity": 0.00855424614694471,
      "entropy": 0.06399144304147467
    },
    {
      "chi": 8,
      "fidelity": 0.013460019118572267,
      "entropy": 0.11360096294360976
    }
  ]
}