{
  "run_id": "20260227T230514Z_da778d49",
  "config": {
    "L": 16,
    "A_size": 8,
    "model": "ising_cyclic",
    "chi_sweep": [
      2,
      4
    ],
    "restarts": 1,
    "steps": 20,
    "seed": 42
  },
  "ed_reference": {
    "energy": -8.50835624817369,
    "entropy": 0.17769331442595582
  },
  "verdict": "REJECTED"
}