{
  "chi_sweep": [
    2,
    4
  ],
  "ed_reference": {
    "energy": -8.50835624817369,
    "entropy": 0.17769331442595582
  },
  "best_per_chi": [
    {
      "chi": 2,
      "fidelity": 0.9019644671007525,
      "entropy": 0.09990653514458903
    },
    {
      "chi": 4,
      "fidelity": 0.9350844789379846,
      "entropy": 0.07010168560020251
    }
  ]
}