chi,restart,seed,fidelity,entropy,energy
2,0,20042,0.9019644671007525,0.09990653514458903,-8.347588086116343
4,0,40042,0.9350844789379846,0.07010168560020251,-8.370824756200582
