{
  "samples": 3000,
  "a": 1.7416963688902962,
  "b": 0.3019391262269546,
  "violations": 0
}