chi,restart,seed,fidelity,entropy,energy
2,0,20049,0.5785630168949701,0.5153730690514436,-3.2923211554396428
4,0,40049,0.7539525191299505,0.8595941504730411,-3.4745363363565724
