{
  "claim": "3P",
  "model": "heisenberg_cyclic",
  "L": 8,
  "verdict": "REJECTED",
  "falsifiers": {
    "P3.1": {
      "passed": true,
      "violations": [],
      "n_checks": 1,
      "eps_fid": 0.0001
    },
    "P3.2": {
      "passed": true,
      "errors": [
        0.5357928075632156,
        0.1915717261416181
      ],
      "violations": [],
      "n_checks": 1,
      "eps_S": 0.001
    },
    "P3.3": {
      "passed": false,
      "fid_passed": false,
      "S_passed": false,
      "best_fidelity": 0.7539525191299505,
      "final_entropy_error": 0.1915717261416181,
      "fid_threshold": 0.95,
      "S_threshold": 0.15
    },
    "P3.4": {
      "passed": false,
      "delta_aic": -45.954605828977925,
      "delta_bic": -45.95460582897793,
      "S_inf_sat": 1.2324013725827039,
      "c_sat": 2.1517241379310343,
      "aic_sat": -6.693730763999062,
      "bic_sat": -9.307436402879171,
      "a_log": 0.49660604713637474,
      "b_log": 0.17115198762984601,
      "aic_log": -52.64833659297699,
      "bic_log": -55.2620422318571
    }
  },
  "timestamp": "2026-02-28T04:54:05.444847+00:00"
}