chi,restart,seed,fidelity,entropy,energy
2,0,20042,0.17985983852978885,0.012292912800862948,-9.621279174051207
4,0,40042,0.1870123657765897,0.023417648333509147,-9.616414464324752
