{
  "chi_sweep": [
    2,
    4,
    8
  ],
  "ed_reference": {
    "energy": -8.5083562481737,
    "entropy": 0.1776933144259551
  },
  "best_per_chi": [
    {
      "chi": 2,
      "fidelity": 0.007987637313647671,
      "entropy": 0.03159171088475099
    },
    {
      "chi": 4,
      "fidelity": 0.01158418709207736,
      "entropy": 0.05710808300723123
    },
    {
      "chi": 8,
      "fidelity": 0.011809805773438879,
      "entropy": 0.08799959436727062
    }
  ]
}