{
  "claim": "3P",
  "model": "heisenberg_cyclic",
  "L": 8,
  "verdict": "REJECTED",
  "falsifiers": {
    "P3.1": {
      "passed": true,
      "violations": [],
      "n_checks": 1,
      "eps_fid": 0.0001
    },
    "P3.2": {
      "passed": true,
      "errors": [
        0.4311685779271974,
        0.03954310165811448
      ],
      "violations": [],
      "n_checks": 1,
      "eps_S": 0.001
    },
    "P3.3": {
      "passed": true,
      "fid_passed": true,
      "S_passed": true,
      "best_fidelity": 0.974556273992864,
      "final_entropy_error": 0.03954310165811448,
      "fid_threshold": 0.95,
      "S_threshold": 0.15
    },
    "P3.4": {
      "passed": false,
      "delta_aic": -48.808103000407634,
      "delta_bic": -48.80810300040764,
      "S_inf_sat": 1.261399051937593,
      "c_sat": 1.3310344827586207,
      "aic_sat": -3.840233592569355,
      "bic_sat": -6.453939231449464,
      "a_log": 0.6790934058262443,
      "b_log": 0.14928561910215138,
      "aic_log": -52.64833659297699,
      "bic_log": -55.2620422318571
    }
  },
  "timestamp": "2026-02-28T04:51:06.600367+00:00"
}