{
  "chi_sweep": [
    2,
    4,
    8
  ],
  "per_partition": {
    "part_A_16": {
      "partition": {
        "partition_id": "part_A_16",
        "subsystem_size": 16,
        "K_cut": 2.0
      },
      "corr_medians_log_chi": 0.9999130075802622,
      "falsifier_3_3_model_selection": {
        "passed": false,
        "pass_condition": {
          "delta_aic_min": 10.0,
          "delta_bic_min": 10.0,
          "log_slope_positive": true
        },
        "delta_aic": -19.428185599712776,
        "delta_bic": -20.329573311044665,
        "model_1_log_linear": {
          "a": 2.0287533670608116,
          "b": -0.07050066619593216,
          "rss": 0.000688188649121831,
          "aic": -21.140179540939435,
          "bic": -22.942954963603217
        },
        "model_2_linear_chi": {
          "a": 0.45314825888095756,
          "b": 0.6272568118856573,
          "rss": 0.12254810534765691,
          "aic": -5.593591754105221,
          "bic": -7.396367176769001
        },
        "model_3_log_power": {
          "p": 1.0899999999999999,
          "a": 1.813991654920467,
          "b": 0.13017769181259764,
          "rss": 5.440764365758868e-07,
          "aic": -40.56836514065221,
          "bic": -43.27252827464788
        }
      },
      "slope_stats": {
        "mean": 2.0263677175587635,
        "cv": 0.010177973876960449
      }
    },
    "part_A_8": {
      "partition": {
        "partition_id": "part_A_8",
        "subsystem_size": 8,
        "K_cut": 3.0
      },
      "corr_medians_log_chi": 0.9992648784108388,
      "falsifier_3_3_model_selection": {
        "passed": false,
        "pass_condition": {
          "delta_aic_min": 10.0,
          "delta_bic_min": 10.0,
          "log_slope_positive": true
        },
        "delta_aic": -25.003847784067084,
        "delta_bic": -25.905235495398976,
        "model_1_log_linear": {
          "a": 2.9722483264377195,
          "b": -0.06626450727831207,
          "rss": 0.012494513985473809,
          "aic": -12.443233702521837,
          "bic": -14.246009125185617
        },
        "model_2_linear_chi": {
          "a": 0.6573196192360454,
          "b": 0.9866550310754494,
          "rss": 0.43609878147189995,
          "aic": -1.7854963608613703,
          "bic": -3.5882717835251507
        },
        "model_3_log_power": {
          "p": 0.75,
          "a": 4.239218279866048,
          "b": -1.2715828494033015,
          "rss": 1.5399690997129098e-06,
          "aic": -37.44708148658892,
          "bic": -40.15124462058459
        }
      },
      "slope_stats": {
        "mean": 2.9870925283740646,
        "cv": 0.003820451316265889
      }
    },
    "part_A_4": {
      "partition": {
        "partition_id": "part_A_4",
        "subsystem_size": 4,
        "K_cut": 4.0
      },
      "corr_medians_log_chi": 0.9994026949842062,
      "falsifier_3_3_model_selection": {
        "passed": false,
        "pass_condition": {
          "delta_aic_min": 10.0,
          "delta_bic_min": 10.0,
          "log_slope_positive": true
        },
        "delta_aic": -35.02172979295161,
        "delta_bic": -35.9231175042835,
        "model_1_log_linear": {
          "a": 3.9604457114712335,
          "b": -0.21246583796695925,
          "rss": 0.01802123081604729,
          "aic": -11.344451045075793,
          "bic": -13.147226467739573
        },
        "model_2_linear_chi": {
          "a": 0.8882485589882406,
          "b": 1.1327177774219361,
          "rss": 0.3622280387615059,
          "aic": -2.3422808384723064,
          "bic": -4.145056261136087
        },
        "model_3_log_power": {
          "p": 1.23,
          "a": 3.0105954901118035,
          "b": 0.6693046898541618,
          "rss": 7.87662426994478e-08,
          "aic": -46.366180838027404,
          "bic": -49.070343972023075
        }
      },
      "slope_stats": {
        "mean": 3.9062570689311116,
        "cv": 0.019433196633541292
      }
    }
  }
}