{
  "chi_sweep": [
    8,
    16
  ],
  "ed_reference": {
    "energy": -4.25454111757014,
    "entropy": 0.17890713707831976
  },
  "best_per_chi": [
    {
      "chi": 8,
      "fidelity": 0.21806379650527472,
      "entropy": 0.6378751712497496
    },
    {
      "chi": 16,
      "fidelity": 0.21810173552860038,
      "entropy": 0.6350881281918527
    }
  ]
}