chi,restart,seed,fidelity,entropy,energy
8,0,80042,0.21806379650527472,0.6378751712497496,-10.234490991471455
8,1,81042,0.12763806328393268,0.11187817870999257,-10.160686645440538
16,0,160042,0.21808878506756277,0.635101246356691,-10.251661786452686
16,1,161042,0.21810173552860038,0.6350881281918527,-10.251661785534743
