{
  "chi_sweep": [
    2,
    4,
    8
  ],
  "per_partition": {
    "part_A_16": {
      "partition": {
        "partition_id": "part_A_16",
        "subsystem_size": 16,
        "K_cut": 2.0
      },
      "corr_medians_log_chi": 1.0,
      "falsifier_3_3_model_selection": {
        "passed": false,
        "pass_condition": {
          "delta_aic_min": 10.0,
          "delta_bic_min": 10.0,
          "log_slope_positive": true
        },
        "delta_aic": 2.0,
        "delta_bic": 1.0986122886681216,
        "model_1_log_linear": {
          "a": 2.0000000000000004,
          "b": 3.424606983139003e-16,
          "rss": 2.0214560696288428e-30,
          "aic": -82.18890021378998,
          "bic": -83.99167563645376
        },
        "model_2_linear_chi": {
          "a": 0.4455946160742505,
          "b": 0.6931471805599438,
          "rss": 0.1372722896909147,
          "aic": -5.25320329498042,
          "bic": -7.0559787176442
        },
        "model_3_log_power": {
          "p": 1.0,
          "a": 2.0000000000000004,
          "b": 3.424606983139003e-16,
          "rss": 2.0214560696288428e-30,
          "aic": -80.18890021378998,
          "bic": -82.89306334778564
        }
      },
      "slope_stats": {
        "mean": 1.9653938487635496,
        "cv": 0.024901109999358195
      }
    },
    "part_A_8": {
      "partition": {
        "partition_id": "part_A_8",
        "subsystem_size": 8,
        "K_cut": 3.0
      },
      "corr_medians_log_chi": 0.999505162487832,
      "falsifier_3_3_model_selection": {
        "passed": false,
        "pass_condition": {
          "delta_aic_min": 10.0,
          "delta_bic_min": 10.0,
          "log_slope_positive": true
        },
        "delta_aic": -24.500979407696978,
        "delta_bic": -25.402367119028867,
        "model_1_log_linear": {
          "a": 2.934710649010483,
          "b": 0.0031198534509095702,
          "rss": 0.008196464363570626,
          "aic": -13.707994044611294,
          "bic": -15.510769467275074
        },
        "model_2_linear_chi": {
          "a": 0.6498855805864862,
          "b": 1.0386933016223647,
          "rss": 0.4001348495988292,
          "aic": -2.043697860076154,
          "bic": -3.8464732827399346
        },
        "model_3_log_power": {
          "p": 0.79,
          "a": 3.932627878775227,
          "b": -0.9440563556139442,
          "rss": 1.1945844239672637e-06,
          "aic": -38.20897345230827,
          "bic": -40.91313658630394
        }
      },
      "slope_stats": {
        "mean": 2.92317647083897,
        "cv": 0.01467991989116826
      }
    },
    "part_A_4": {
      "partition": {
        "partition_id": "part_A_4",
        "subsystem_size": 4,
        "K_cut": 4.0
      },
      "corr_medians_log_chi": 0.9987527847438801,
      "falsifier_3_3_model_selection": {
        "passed": false,
        "pass_condition": {
          "delta_aic_min": 10.0,
          "delta_bic_min": 10.0,
          "log_slope_positive": true
        },
        "delta_aic": -23.940602860917828,
        "delta_bic": -24.841990572249717,
        "model_1_log_linear": {
          "a": 3.8631460909925783,
          "b": -0.03261795102207224,
          "rss": 0.03583832236892812,
          "aic": -9.28204936862529,
          "bic": -11.08482479128907
        },
        "model_2_linear_chi": {
          "a": 0.86897914252986,
          "b": 1.2676036926306027,
          "rss": 0.28063959783232945,
          "aic": -3.107888874515149,
          "bic": -4.910664297178929
        },
        "model_3_log_power": {
          "p": 1.33,
          "a": 2.633677029321722,
          "b": 1.1037259430649113,
          "rss": 6.29594286827487e-06,
          "aic": -33.222652229543115,
          "bic": -35.926815363538786
        }
      },
      "slope_stats": {
        "mean": 3.8310732889182546,
        "cv": 0.051900493722220865
      }
    }
  }
}