{
  "run_id": "20260302T003800Z_1d280967",
  "config": {
    "L": 8,
    "A_size": 4,
    "model": "heisenberg_cyclic",
    "chi_sweep": [
      2,
      4,
      8,
      16,
      32
    ],
    "restarts": 3,
    "steps": 100,
    "seed": 42
  },
  "ed_reference": {
    "energy": -3.6510934089371734,
    "entropy": 1.0511658766146605
  },
  "verdict": "REJECTED"
}