chi,restart,seed,fidelity,entropy,energy
2,0,20042,0.5427885068246839,0.4007548790893741,-3.2348355189604217
4,0,40042,0.7694955824520857,0.8169087885748383,-3.4769750776011574
