chi,restart,seed,fidelity,entropy,energy
2,0,20042,0.9898301845144458,0.07683888417471624,-4.201200463310991
2,1,21042,0.9995193072962132,0.08617541644600547,-4.220174630406522
4,0,40042,0.9980842817199571,0.08070809376222302,-4.217885711200975
4,1,41042,0.9981380207205768,0.0838810656304933,-4.21796071929286
8,0,80042,0.9988388055950483,0.08314794104723641,-4.21875887361466
8,1,81042,0.9984822114851399,0.08150603982476352,-4.218325647214793
