{
  "claim": "3P",
  "model": "ising_open",
  "L": 8,
  "verdict": "REJECTED",
  "falsifiers": {
    "P3.1": {
      "passed": false,
      "violations": [
        {
          "chi_i": 2,
          "chi_i+1": 4,
          "fid_i": 0.9995193072962132,
          "fid_i+1": 0.9981380207205768,
          "drop": 0.001381286575636409
        }
      ],
      "n_checks": 2,
      "eps_fid": 0.0001
    },
    "P3.2": {
      "passed": false,
      "errors": [
        0.002616523089405687,
        0.004910873904917859,
        0.005643998488174748
      ],
      "violations": [
        {
          "chi_i": 2,
          "chi_i+1": 4,
          "error_i": 0.002616523089405687,
          "error_i+1": 0.004910873904917859
        }
      ],
      "n_checks": 2,
      "eps_S": 0.001
    },
    "P3.3": {
      "passed": true,
      "fid_passed": true,
      "S_passed": true,
      "best_fidelity": 0.9988388055950483,
      "final_entropy_error": 0.005643998488174748,
      "fid_threshold": 0.95,
      "S_threshold": 0.15
    },
    "P3.4": {
      "passed": false,
      "delta_aic": -11.640905608609877,
      "delta_bic": -11.640905608609877,
      "S_inf_sat": 0.08695486492433369,
      "c_sat": 0.1,
      "aic_sat": -31.803911986133492,
      "bic_sat": -33.60668740879727,
      "a_log": -0.002183861872108741,
      "b_log": 0.08742894977334748,
      "aic_log": -43.44481759474337,
      "bic_log": -45.24759301740715
    }
  },
  "timestamp": "2026-02-27T23:00:31.780126+00:00"
}