{
  "chi_sweep": [
    2,
    4
  ],
  "ed_reference": {
    "energy": -4.254541117570139,
    "entropy": 0.1789071370783133
  },
  "best_per_chi": [
    {
      "chi": 2,
      "fidelity": 0.09412376054328449,
      "entropy": 0.0677903906132986
    },
    {
      "chi": 4,
      "fidelity": 0.08325609363853408,
      "entropy": 0.02493642466799366
    }
  ]
}