chi,restart,seed,fidelity,entropy,energy
2,0,20043,0.00803130803593017,0.06120540584148097,-20.21250549371314
4,0,40043,0.013602100991542198,0.10704144019366317,-20.304341543070436
8,0,80043,0.014092776958574455,0.11667731544875555,-20.28715927530587
