{
  "chi_sweep": [
    2,
    4
  ],
  "ed_reference": {
    "energy": -4.221285373302042,
    "entropy": 0.08879193953541195
  },
  "best_per_chi": [
    {
      "chi": 2,
      "fidelity": 0.9506824022459082,
      "entropy": 0.0021893088941124356
    },
    {
      "chi": 4,
      "fidelity": 0.9749140114780454,
      "entropy": 0.04009860503853116
    }
  ]
}