chi,restart,seed,fidelity,entropy,energy
2,0,20042,0.9506824022459082,0.0021893088941124356,-4.125997387437717
4,0,40042,0.9749140114780454,0.04009860503853116,-4.173543533690288
