{
  "framework_spec": {
    "version": "0.2.0"
  },
  "experiment_name": "claim3_voltest",
  "run_id": "20260227T210113Z_dd9cd6cc",
  "claim_id": "C3",
  "option": "A",
  "verdict": "INCONCLUSIVE",
  "metrics": {
    "corr_medians_log_chi": 0.9379489319765428
  },
  "falsifiers": {
    "3.1_monotonicity": {
      "passed": true,
      "violations": []
    },
    "3.2_replicate_robustness": {
      "passed": true,
      "no_negative_slopes": true,
      "cv_threshold": 0.1,
      "slope_mean": 1.9464208373039935,
      "slope_std": 0.12209298229429522,
      "slope_cv": 0.06272691904768518,
      "slopes": [
        1.8243278550096982,
        2.0685138195982886
      ]
    },
    "3.3_model_selection": {
      "passed": false,
      "regime": "indeterminate",
      "pass_condition": {
        "delta_aic_min": 10.0,
        "delta_bic_min": 10.0,
        "log_slope_positive": true,
        "saturation_tolerance": 0.5,
        "S_max": 5.545177444479562
      },
      "S_max_theoretical": 5.545177444479562,
      "S_inf_fitted": 4.918312814970214,
      "saturation_valid": false,
      "winner_by_aic": "saturating",
      "model_1_log_linear": {
        "a": 1.9464208373039933,
        "b": 1.013371235484762,
        "rss": 0.49760829503704573,
        "aic": -1.3896630688210863,
        "bic": -3.1924384914848667
      },
      "model_2_linear_chi": {
        "a": 0.40280190701426005,
        "b": 1.8319412338723269,
        "rss": 1.109397719184322,
        "aic": 1.0156149522057327,
        "bic": -0.7871604704580477
      },
      "model_3_log_power": {
        "p": 0.5,
        "a": 4.525561737501538,
        "b": -1.4957167808384675,
        "rss": 0.31223039317545537,
        "aic": -0.7878786380647949,
        "bic": -3.4920417720604657
      },
      "model_4_saturating": {
        "S_inf": 4.918312814970214,
        "c": 12.492076629144664,
        "alpha": 2.1445693458686432,
        "rss": 0.00041323536485212103,
        "aic": -20.670316575942827,
        "bic": -23.374479709938498
      }
    },
    "3.4_bound_validity": {
      "passed": true,
      "violation_count": 0,
      "violations": []
    }
  },
  "scope_limitations": [
    "State family is defined by an explicit optimization objective: maximize entanglement entropy S(A) within the MERA manifold for each chi.",
    "S(A) is computed from the contracted MERA wavefunction and a dense rho_A eigen-decomposition.",
    "K_cut is computed mechanically as a minimum cut on the instantiated TN index graph (no proxy).",
    "This is empirical evidence (mechanically checkable), not a formal proof in the mathematical sense."
  ],
  "artifact_paths": {
    "manifest": "manifest.json",
    "raw_entropy": "raw_entropy.csv",
    "fits": "fits.json",
    "bound_checks": "bound_checks.json",
    "verdict": "verdict.json"
  }
}