{
  "run_id": "20260227T230103Z_c726d801",
  "config": {
    "L": 8,
    "A_size": 4,
    "model": "heisenberg_open",
    "chi_sweep": [
      2,
      4,
      8
    ],
    "restarts": 2,
    "steps": 60,
    "seed": 42
  },
  "ed_reference": {
    "energy": -3.374932598687889,
    "entropy": 0.4569757731133835
  },
  "verdict": "REJECTED"
}