{
  "chi_sweep": [
    2,
    4,
    8
  ],
  "ed_reference": {
    "energy": -3.374932598687889,
    "entropy": 0.4569757731133835
  },
  "best_per_chi": [
    {
      "chi": 2,
      "fidelity": 0.8408755178240552,
      "entropy": 0.2753757401034937
    },
    {
      "chi": 4,
      "fidelity": 0.9872150502787261,
      "entropy": 0.46572797681529343
    },
    {
      "chi": 8,
      "fidelity": 0.9993208233650874,
      "entropy": 0.4579901203724377
    }
  ]
}