{
  "run_id": "20260227T230434Z_1f12583a",
  "config": {
    "L": 8,
    "A_size": 4,
    "model": "heisenberg_open",
    "chi_sweep": [
      2,
      4
    ],
    "restarts": 1,
    "steps": 20,
    "seed": 42
  },
  "ed_reference": {
    "energy": -3.3749325986878893,
    "entropy": 0.45697577311338317
  },
  "verdict": "REJECTED"
}