{
  "chi_sweep": [
    2,
    4
  ],
  "ed_reference": {
    "energy": -3.3749325986878893,
    "entropy": 0.45697577311338317
  },
  "best_per_chi": [
    {
      "chi": 2,
      "fidelity": 0.7103323269488532,
      "entropy": 0.24951654740280022
    },
    {
      "chi": 4,
      "fidelity": 0.8931734897884154,
      "entropy": 0.34478351732489904
    }
  ]
}