chi,restart,seed,fidelity,entropy,energy
2,0,20042,0.7103323269488532,0.24951654740280022,-3.1960489046379967
4,0,40042,0.8931734897884154,0.34478351732489904,-3.203211818791216
