{
  "run_id": "20260228T045406Z_65794ab8",
  "config": {
    "L": 16,
    "A_size": 8,
    "model": "ising_cyclic",
    "chi_sweep": [
      2,
      4,
      8
    ],
    "restarts": 1,
    "steps": 40,
    "seed": 49
  },
  "ed_reference": {
    "energy": -8.50835624817372,
    "entropy": 0.1776933144259587
  },
  "verdict": "REJECTED"
}