chi,restart,seed,fidelity,entropy,energy
2,0,20049,0.011254222164369544,0.05609236908690927,-20.247066300974463
4,0,40049,0.011153712768800585,0.06741592617255042,-20.249480233032457
8,0,80049,0.014205652446221923,0.10261374139651049,-20.280218455143654
