{
  "claim": "3P",
  "model": "ising_cyclic",
  "L": 16,
  "verdict": "REJECTED",
  "falsifiers": {
    "P3.1": {
      "passed": false,
      "violations": [
        {
          "chi_i": 2,
          "chi_i+1": 4,
          "fid_i": 0.011254222164369544,
          "fid_i+1": 0.011153712768800585,
          "drop": 0.00010050939556895816
        }
      ],
      "n_checks": 2,
      "eps_fid": 0.0001
    },
    "P3.2": {
      "passed": true,
      "errors": [
        0.12160094533904944,
        0.11027738825340828,
        0.07507957302944822
      ],
      "violations": [],
      "n_checks": 2,
      "eps_S": 0.001
    },
    "P3.3": {
      "passed": false,
      "fid_passed": false,
      "S_passed": true,
      "best_fidelity": 0.014205652446221923,
      "final_entropy_error": 0.07507957302944822,
      "fid_threshold": 0.9,
      "S_threshold": 0.15
    },
    "P3.4": {
      "passed": false,
      "delta_aic": -0.25641453186013763,
      "delta_bic": -0.25641453186013763,
      "S_inf_sat": 0.15440936288048826,
      "c_sat": 4.220689655172413,
      "aic_sat": -26.824427536860437,
      "bic_sat": -28.62720295952422,
      "a_log": 0.033558076563205405,
      "b_log": 0.028852639909055535,
      "aic_log": -27.080842068720575,
      "bic_log": -28.883617491384356
    }
  },
  "timestamp": "2026-02-28T04:55:47.577156+00:00"
}