{
  "chi_sweep": [
    2,
    4
  ],
  "ed_reference": {
    "energy": -3.651093408937173,
    "entropy": 1.0511658766146599
  },
  "best_per_chi": [
    {
      "chi": 2,
      "fidelity": 0.5899218284398051,
      "entropy": 0.5738253146356045
    },
    {
      "chi": 4,
      "fidelity": 0.7493222068239953,
      "entropy": 0.8221830399531673
    }
  ]
}