{
  "claim": "3P",
  "model": "heisenberg_cyclic",
  "L": 8,
  "verdict": "REJECTED",
  "falsifiers": {
    "P3.1": {
      "passed": true,
      "violations": [],
      "n_checks": 1,
      "eps_fid": 0.0001
    },
    "P3.2": {
      "passed": true,
      "errors": [
        0.4773405619790554,
        0.22898283666149255
      ],
      "violations": [],
      "n_checks": 1,
      "eps_S": 0.001
    },
    "P3.3": {
      "passed": false,
      "fid_passed": false,
      "S_passed": false,
      "best_fidelity": 0.7493222068239953,
      "final_entropy_error": 0.22898283666149255,
      "fid_threshold": 0.95,
      "S_threshold": 0.15
    },
    "P3.4": {
      "passed": false,
      "delta_aic": -41.071040173687834,
      "delta_bic": -41.071040173687834,
      "S_inf_sat": 1.2324013725827045,
      "c_sat": 2.1517241379310343,
      "aic_sat": -11.577296419289157,
      "bic_sat": -14.191002058169266,
      "a_log": 0.35830445868211147,
      "b_log": 0.32546758931804093,
      "aic_log": -52.64833659297699,
      "bic_log": -55.2620422318571
    }
  },
  "timestamp": "2026-02-28T04:47:35.844842+00:00"
}