chi,restart,seed,fidelity,entropy,energy
2,0,20042,0.9970592480069054,0.16905767319223425,-4.249187382724366
2,1,21042,0.997155981130537,0.17080728918739663,-4.249283842499355
4,0,40042,0.999539687744707,0.17691171667218217,-4.253494224616846
4,1,41042,0.998876005126925,0.17377106526285724,-4.252198111127629
8,0,80042,0.9996926699904223,0.17560678369831362,-4.253590187353284
8,1,81042,0.999138732025526,0.17538843034652846,-4.252345507780442
