{
  "run_id": "20260228T191948Z_40f7595f",
  "config": {
    "L": 8,
    "A_size": 4,
    "model": "ising_cyclic",
    "chi_sweep": [
      2,
      4,
      8
    ],
    "restarts": 1,
    "steps": 10,
    "seed": 42
  },
  "ed_reference": {
    "energy": -4.254541117570138,
    "entropy": 0.17890713707831885
  },
  "verdict": "REJECTED"
}