{
  "chi_sweep": [
    2,
    4,
    8
  ],
  "ed_reference": {
    "energy": -4.254541117570138,
    "entropy": 0.17890713707831885
  },
  "best_per_chi": [
    {
      "chi": 2,
      "fidelity": 0.18687744112615653,
      "entropy": 0.05648930695568053
    },
    {
      "chi": 4,
      "fidelity": 0.0759019535975731,
      "entropy": 0.03660017364603356
    },
    {
      "chi": 8,
      "fidelity": 0.047846646826923814,
      "entropy": 0.2380198875641495
    }
  ]
}