chi,restart,seed,fidelity,entropy,energy
2,0,20042,0.18687744112615653,0.05648930695568053,-9.810292540859107
4,0,40042,0.0759019535975731,0.03660017364603356,-10.02466052064096
8,0,80042,0.047846646826923814,0.2380198875641495,-9.848777386648921
