{
  "claim": "3P",
  "model": "ising_cyclic",
  "L": 8,
  "verdict": "REJECTED",
  "falsifiers": {
    "P3.1": {
      "passed": false,
      "violations": [
        {
          "chi_i": 2,
          "chi_i+1": 4,
          "fid_i": 0.18687744112615653,
          "fid_i+1": 0.0759019535975731,
          "drop": 0.11097548752858344
        },
        {
          "chi_i": 4,
          "chi_i+1": 8,
          "fid_i": 0.0759019535975731,
          "fid_i+1": 0.047846646826923814,
          "drop": 0.028055306770649283
        }
      ],
      "n_checks": 2,
      "eps_fid": 0.0001
    },
    "P3.2": {
      "passed": false,
      "errors": [
        0.12241783012263832,
        0.14230696343228527,
        0.059112750485830645
      ],
      "violations": [
        {
          "chi_i": 2,
          "chi_i+1": 4,
          "error_i": 0.12241783012263832,
          "error_i+1": 0.14230696343228527
        }
      ],
      "n_checks": 2,
      "eps_S": 0.001
    },
    "P3.3": {
      "passed": false,
      "fid_passed": false,
      "S_passed": true,
      "best_fidelity": 0.047846646826923814,
      "final_entropy_error": 0.059112750485830645,
      "fid_threshold": 0.95,
      "S_threshold": 0.15
    },
    "P3.4": {
      "passed": false,
      "delta_aic": -1.6745205692169272,
      "delta_bic": -1.6745205692169272,
      "S_inf_sat": 0.2146885644939826,
      "c_sat": 4.220689655172413,
      "aic_sat": -12.045771030204424,
      "bic_sat": -13.848546452868204,
      "a_log": 0.13094663420676622,
      "b_log": -0.07116079121984772,
      "aic_log": -13.720291599421351,
      "bic_log": -15.523067022085131
    }
  },
  "timestamp": "2026-02-28T19:20:01.893114+00:00"
}