chi,restart,seed,fidelity,entropy,energy
2,0,20045,0.5433825544227742,0.28348393883151946,-3.2788204076257443
4,0,40045,0.9489328294774512,1.0403861991620784,-3.5528870528201546
