chi,restart,seed,fidelity,entropy,energy
2,0,20042,0.8408755178240552,0.2753757401034937,-3.220415168660267
2,1,21042,0.7779513858740539,0.22851972255366843,-3.2327182786598874
4,0,40042,0.9872150502787261,0.46572797681529343,-3.349820554364288
4,1,41042,0.9311644546993689,0.3251324593115523,-3.312801570181326
8,0,80042,0.9993208233650874,0.4579901203724377,-3.372716519210077
8,1,81042,0.9974013829695759,0.434646579069562,-3.3692962583825525
