{
  "chi_sweep": [
    2,
    4
  ],
  "ed_reference": {
    "energy": -4.221285373302043,
    "entropy": 0.08879193953541237
  },
  "best_per_chi": [
    {
      "chi": 2,
      "fidelity": 0.20135101084153426,
      "entropy": 0.05868891153724932
    },
    {
      "chi": 4,
      "fidelity": 0.25406679151013406,
      "entropy": 0.13879431075229057
    }
  ]
}