chi,restart,seed,fidelity,entropy,energy
2,0,20042,0.20135101084153426,0.05868891153724932,-9.618310007529137
4,0,40042,0.25406679151013406,0.13879431075229057,-9.66670307230314
