{
  "chi_sweep": [
    2,
    4
  ],
  "ed_reference": {
    "energy": -4.254541117570138,
    "entropy": 0.1789071370783155
  },
  "best_per_chi": [
    {
      "chi": 2,
      "fidelity": 0.08873285802938488,
      "entropy": 0.04286539533922017
    },
    {
      "chi": 4,
      "fidelity": 0.0885980681989427,
      "entropy": 0.049293855191079344
    }
  ]
}