chi,restart,seed,fidelity,entropy,energy
2,0,20042,0.0068339647847014285,0.04221966855780891,-20.151988296703472
4,0,40042,0.012296230208842596,0.09155243993487304,-20.243407259485096
8,0,80042,0.011886080315688295,0.051124977453008945,-20.263269808286626
