{
  "loglinear": {
    "a": 4.729026052468526,
    "b": 0.08143949897698277,
    "rss": 0.005283584820477534,
    "aic": -30.26294190401761,
    "bic": -31.04406607914941
  },
  "saturating": {
    "S_inf": 5.024639998595686,
    "c": 0.39244872379092566,
    "alpha": 0.653179173179313,
    "rss": 0.0013145679263137254,
    "aic": -35.21842576461974
  },
  "delta_aic": -4.955483860602129
}