chi,S,S_true
2,4.745626841561719,4.740659700031606
4,4.864277057019894,4.865659700031606
8,4.934636585412613,4.928159700031606
16,4.974639998595686,4.959409700031606
32,4.9726931662843725,4.975034700031606
