{
  "chi_sweep": [
    2,
    4
  ],
  "ed_reference": {
    "energy": -4.254541117570137,
    "entropy": 0.17890713707831504
  },
  "best_per_chi": [
    {
      "chi": 2,
      "fidelity": 0.11641663134403071,
      "entropy": 0.09822547762218795
    },
    {
      "chi": 4,
      "fidelity": 0.10892693750027965,
      "entropy": 0.0424870096069657
    }
  ]
}