chi,restart,seed,fidelity,entropy,energy
2,0,20045,0.11641663134403071,0.09822547762218795,-10.110639365046376
4,0,40045,0.10892693750027965,0.0424870096069657,-10.118019004729797
