{
  "chi_sweep": [
    2,
    4
  ],
  "ed_reference": {
    "energy": -3.651093408937175,
    "entropy": 1.0511658766146599
  },
  "best_per_chi": [
    {
      "chi": 2,
      "fidelity": 0.5427885068246839,
      "entropy": 0.4007548790893741
    },
    {
      "chi": 4,
      "fidelity": 0.7694955824520857,
      "entropy": 0.8169087885748383
    }
  ]
}