chi,restart,seed,fidelity,entropy,energy
2,0,20042,0.3204771028338601,0.4664104255331109,-6.5438700436140085
4,0,40042,0.4358692175475676,0.7257114710272442,-6.829896520077933
