{
  "chi_sweep": [
    2,
    4
  ],
  "ed_reference": {
    "energy": -4.221285373302045,
    "entropy": 0.08879193953541242
  },
  "best_per_chi": [
    {
      "chi": 2,
      "fidelity": 0.18482066817394438,
      "entropy": 0.03923828725384845
    },
    {
      "chi": 4,
      "fidelity": 0.18623483791996276,
      "entropy": 0.014316820889149456
    }
  ]
}