{
  "chi_sweep": [
    2,
    4,
    8
  ],
  "ed_reference": {
    "energy": -8.508356248173683,
    "entropy": 0.1776933144259561
  },
  "best_per_chi": [
    {
      "chi": 2,
      "fidelity": 0.0068339647847014285,
      "entropy": 0.04221966855780891
    },
    {
      "chi": 4,
      "fidelity": 0.012296230208842596,
      "entropy": 0.09155243993487304
    },
    {
      "chi": 8,
      "fidelity": 0.011886080315688295,
      "entropy": 0.051124977453008945
    }
  ]
}