{
  "claim": "3P",
  "model": "ising_cyclic",
  "L": 16,
  "verdict": "REJECTED",
  "falsifiers": {
    "P3.1": {
      "passed": false,
      "violations": [
        {
          "chi_i": 4,
          "chi_i+1": 8,
          "fid_i": 0.012296230208842596,
          "fid_i+1": 0.011886080315688295,
          "drop": 0.0004101498931543008
        }
      ],
      "n_checks": 2,
      "eps_fid": 0.0001
    },
    "P3.2": {
      "passed": false,
      "errors": [
        0.1354736458681472,
        0.08614087449108306,
        0.12656833697294714
      ],
      "violations": [
        {
          "chi_i": 4,
          "chi_i+1": 8,
          "error_i": 0.08614087449108306,
          "error_i+1": 0.12656833697294714
        }
      ],
      "n_checks": 2,
      "eps_S": 0.001
    },
    "P3.3": {
      "passed": false,
      "fid_passed": false,
      "S_passed": true,
      "best_fidelity": 0.011886080315688295,
      "final_entropy_error": 0.12656833697294714,
      "fid_threshold": 0.9,
      "S_threshold": 0.15
    },
    "P3.4": {
      "passed": false,
      "delta_aic": -1.3787635177516933,
      "delta_bic": -1.3787635177516933,
      "S_inf_sat": 0.14215465154076487,
      "c_sat": 5.044827586206896,
      "aic_sat": -17.75603114692237,
      "bic_sat": -19.558806569586153,
      "a_log": 0.006423822490344732,
      "b_log": 0.05272705308669692,
      "aic_log": -19.134794664674065,
      "bic_log": -20.937570087337846
    }
  },
  "timestamp": "2026-02-28T04:57:32.340035+00:00"
}