{
  "chi_sweep": [
    2,
    4,
    8
  ],
  "ed_reference": {
    "energy": -8.508356248173687,
    "entropy": 0.17769331442595554
  },
  "best_per_chi": [
    {
      "chi": 2,
      "fidelity": 0.00803130803593017,
      "entropy": 0.06120540584148097
    },
    {
      "chi": 4,
      "fidelity": 0.013602100991542198,
      "entropy": 0.10704144019366317
    },
    {
      "chi": 8,
      "fidelity": 0.014092776958574455,
      "entropy": 0.11667731544875555
    }
  ]
}