{
  "run_id": "20260228T044519Z_e41824be",
  "config": {
    "L": 8,
    "A_size": 4,
    "model": "ising_cyclic",
    "chi_sweep": [
      2,
      4
    ],
    "restarts": 1,
    "steps": 30,
    "seed": 42
  },
  "ed_reference": {
    "energy": -4.254541117570138,
    "entropy": 0.1789071370783174
  },
  "verdict": "REJECTED"
}