{
  "chi_sweep": [
    2,
    4
  ],
  "ed_reference": {
    "energy": -4.254541117570138,
    "entropy": 0.1789071370783174
  },
  "best_per_chi": [
    {
      "chi": 2,
      "fidelity": 0.07531439422247183,
      "entropy": 0.028982203272972087
    },
    {
      "chi": 4,
      "fidelity": 0.08610420032070998,
      "entropy": 0.04473933084384597
    }
  ]
}