{
  "chi_sweep": [
    2,
    4
  ],
  "ed_reference": {
    "energy": -3.65109340893718,
    "entropy": 1.05116587661466
  },
  "best_per_chi": [
    {
      "chi": 2,
      "fidelity": 0.5788213325099952,
      "entropy": 0.35487560753017267
    },
    {
      "chi": 4,
      "fidelity": 0.8373018610212887,
      "entropy": 0.9050346486106926
    }
  ]
}