chi,restart,seed,fidelity,entropy,energy
2,0,20050,0.5788213325099952,0.35487560753017267,-3.293941854733735
4,0,40050,0.8373018610212887,0.9050346486106926,-3.500775243341957
