{
  "chi_sweep": [
    2,
    4,
    8
  ],
  "ed_reference": {
    "energy": -4.221285373302043,
    "entropy": 0.08879193953541116
  },
  "best_per_chi": [
    {
      "chi": 2,
      "fidelity": 0.9995193072962132,
      "entropy": 0.08617541644600547
    },
    {
      "chi": 4,
      "fidelity": 0.9981380207205768,
      "entropy": 0.0838810656304933
    },
    {
      "chi": 8,
      "fidelity": 0.9988388055950483,
      "entropy": 0.08314794104723641
    }
  ]
}