{
  "chi_sweep": [
    2,
    4,
    8
  ],
  "ed_reference": {
    "energy": -4.254541117570135,
    "entropy": 0.17890713707831687
  },
  "best_per_chi": [
    {
      "chi": 2,
      "fidelity": 0.9876814350999952,
      "entropy": 0.13490466152893252
    },
    {
      "chi": 4,
      "fidelity": 0.9966844648949483,
      "entropy": 0.16370487882743018
    },
    {
      "chi": 8,
      "fidelity": 0.9990043982137573,
      "entropy": 0.17562842169793916
    }
  ]
}