chi,restart,seed,fidelity,entropy,energy
2,0,20042,0.9792726340167854,0.07812130592089747,-4.217054383839762
2,1,21042,0.9876814350999952,0.13490466152893252,-4.234753430197199
4,0,40042,0.9962464342785438,0.164580157117714,-4.248052470384866
4,1,41042,0.9966844648949483,0.16370487882743018,-4.24817422442014
8,0,80042,0.9990043982137573,0.17562842169793916,-4.2520251300194
8,1,81042,0.998891689677675,0.171447030875733,-4.25118973322701
