{
  "claim": "3P",
  "model": "ising_open",
  "L": 8,
  "verdict": "REJECTED",
  "falsifiers": {
    "P3.1": {
      "passed": false,
      "violations": [
        {
          "chi_i": 4,
          "chi_i+1": 8,
          "fid_i": 0.014423075982088595,
          "fid_i+1": 0.0035644792858811917,
          "drop": 0.010858596696207402
        }
      ],
      "n_checks": 2,
      "eps_fid": 0.0001
    },
    "P3.2": {
      "passed": false,
      "errors": [
        0.6483787677886145,
        1.763083710351927,
        1.8637486966764882
      ],
      "violations": [
        {
          "chi_i": 2,
          "chi_i+1": 4,
          "error_i": 0.6483787677886145,
          "error_i+1": 1.763083710351927,
          "increase": 1.1147049425633124
        },
        {
          "chi_i": 4,
          "chi_i+1": 8,
          "error_i": 1.763083710351927,
          "error_i+1": 1.8637486966764882,
          "increase": 0.10066498632456122
        }
      ],
      "n_checks": 2,
      "eps_S": 0.001
    },
    "P3.3": {
      "passed": false,
      "fid_passed": false,
      "S_passed": false,
      "best_fidelity": 0.0035644792858811917,
      "final_entropy_error": 1.8637486966764882,
      "fid_threshold": 0.95,
      "S_threshold": 0.15,
      "L": 8,
      "model": "ising_open"
    },
    "P3.4": {
      "passed": false,
      "saturating_wins": false,
      "delta_aic": -10.825647849563508,
      "delta_bic": -10.825647849563508,
      "S_inf_sat": 0.535742077613327,
      "c_sat": 1.0,
      "rss_sat": 6.326039898277645,
      "aic_sat": 6.238186429679155,
      "bic_sat": 4.435411007015375,
      "a_log": 0.8767040846260539,
      "b_log": 0.5668618477933542,
      "rss_log": 0.17137950547478148,
      "aic_log": -4.587461419884352,
      "bic_log": -6.390236842548132,
      "n_points": 3
    }
  },
  "timestamp": "2026-02-27T21:19:33.068855Z"
}