{
  "chi_sweep": [
    2,
    4,
    8
  ],
  "per_partition": {
    "part_A_16": {
      "partition": {
        "partition_id": "part_A_16",
        "subsystem_size": 16,
        "K_cut": 2.0
      },
      "corr_medians_log_chi": 0.9925230657747046,
      "falsifier_3_3_model_selection": {
        "passed": false,
        "pass_condition": {
          "delta_aic_min": 10.0,
          "delta_bic_min": 10.0,
          "log_slope_positive": true
        },
        "delta_aic": -3.792568081869325,
        "delta_bic": -4.693955793201216,
        "model_1_log_linear": {
          "a": 1.6488020337210347,
          "b": 0.32457584019286917,
          "rss": 0.039506053513839894,
          "aic": -8.98974096191107,
          "bic": -10.79251638457485
        },
        "model_2_linear_chi": {
          "a": 0.3586546588797321,
          "b": 0.9365790607045958,
          "rss": 0.25062295341437263,
          "aic": -3.447253806651335,
          "bic": -5.250029229315116
        },
        "model_3_log_power": {
          "p": 0.5,
          "a": 3.7636462016647467,
          "b": -1.7203907890094414,
          "rss": 0.005729325937602262,
          "aic": -12.782309043780394,
          "bic": -15.486472177776065
        }
      },
      "slope_stats": {
        "mean": 1.7424980974143616,
        "cv": 0.11845029869921499
      }
    },
    "part_A_8": {
      "partition": {
        "partition_id": "part_A_8",
        "subsystem_size": 8,
        "K_cut": 3.0
      },
      "corr_medians_log_chi": 0.9999993938140294,
      "falsifier_3_3_model_selection": {
        "passed": false,
        "pass_condition": {
          "delta_aic_min": 10.0,
          "delta_bic_min": 10.0,
          "log_slope_positive": true
        },
        "delta_aic": -3.941434218651125,
        "delta_bic": -4.8428219299830175,
        "model_1_log_linear": {
          "a": 2.8367371700638624,
          "b": 0.11191519312557949,
          "rss": 9.374657026538245e-06,
          "aic": -34.02833857784311,
          "bic": -35.831114000506886
        },
        "model_2_linear_chi": {
          "a": 0.6321513312206769,
          "b": 1.0944283902678116,
          "rss": 0.27300920839851206,
          "aic": -3.1905861279099916,
          "bic": -4.993361550573772
        },
        "model_3_log_power": {
          "p": 1.01,
          "a": 2.8007430771811,
          "b": 0.1456821313655229,
          "rss": 1.2937330991245936e-06,
          "aic": -37.96977279649423,
          "bic": -40.673935930489904
        }
      },
      "slope_stats": {
        "mean": 2.8786958073333473,
        "cv": 0.05738353501894732
      }
    },
    "part_A_4": {
      "partition": {
        "partition_id": "part_A_4",
        "subsystem_size": 4,
        "K_cut": 4.0
      },
      "corr_medians_log_chi": 0.999921111953528,
      "falsifier_3_3_model_selection": {
        "passed": false,
        "pass_condition": {
          "delta_aic_min": 10.0,
          "delta_bic_min": 10.0,
          "log_slope_positive": true
        },
        "delta_aic": -17.897027318393874,
        "delta_bic": -18.798415029725764,
        "model_1_log_linear": {
          "a": 3.9148236307417568,
          "b": 0.07871968026891214,
          "rss": 0.0023237955231150656,
          "aic": -17.48949715226518,
          "bic": -19.292272574928962
        },
        "model_2_linear_chi": {
          "a": 0.8701036035050419,
          "b": 1.4453341213215731,
          "rss": 0.5968544920732597,
          "aic": -0.8440826475070127,
          "bic": -2.646858070170793
        },
        "model_3_log_power": {
          "p": 0.9199999999999999,
          "a": 4.3508255010814265,
          "b": -0.33220891491231014,
          "rss": 3.0606113688378305e-06,
          "aic": -35.386524470659054,
          "bic": -38.090687604654725
        }
      },
      "slope_stats": {
        "mean": 3.937457366363153,
        "cv": 0.013499447272305832
      }
    }
  }
}