{
  "chi_sweep": [
    2,
    4
  ],
  "ed_reference": {
    "energy": -3.6510934089371765,
    "entropy": 1.0511658766146605
  },
  "best_per_chi": [
    {
      "chi": 2,
      "fidelity": 0.6019248890773571,
      "entropy": 0.5446344671238323
    },
    {
      "chi": 4,
      "fidelity": 0.7627293440928067,
      "entropy": 0.8446103260026026
    }
  ]
}