{
  "claim": "3P",
  "model": "heisenberg_cyclic",
  "L": 8,
  "verdict": "REJECTED",
  "falsifiers": {
    "P3.1": {
      "passed": true,
      "violations": [],
      "n_checks": 1,
      "eps_fid": 0.0001
    },
    "P3.2": {
      "passed": true,
      "errors": [
        0.5065314094908282,
        0.206555550612058
      ],
      "violations": [],
      "n_checks": 1,
      "eps_S": 0.001
    },
    "P3.3": {
      "passed": false,
      "fid_passed": false,
      "S_passed": false,
      "best_fidelity": 0.7627293440928067,
      "final_entropy_error": 0.206555550612058,
      "fid_threshold": 0.95,
      "S_threshold": 0.15
    },
    "P3.4": {
      "passed": false,
      "delta_aic": -44.35359431192686,
      "delta_bic": -44.35359431192686,
      "S_inf_sat": 1.2324013725827054,
      "c_sat": 2.1517241379310343,
      "aic_sat": -8.294742281050128,
      "bic_sat": -10.908447919930238,
      "a_log": 0.4327736839908093,
      "b_log": 0.24465860824506186,
      "aic_log": -52.64833659297699,
      "bic_log": -55.2620422318571
    }
  },
  "timestamp": "2026-02-28T04:52:29.595179+00:00"
}