{
  "claim": "3P",
  "model": "ising_cyclic",
  "L": 16,
  "verdict": "REJECTED",
  "falsifiers": {
    "P3.1": {
      "passed": true,
      "violations": [],
      "n_checks": 1,
      "eps_fid": 0.0001
    },
    "P3.2": {
      "passed": false,
      "errors": [
        0.07778677928136679,
        0.10759162882575331
      ],
      "violations": [
        {
          "chi_i": 2,
          "chi_i+1": 4,
          "error_i": 0.07778677928136679,
          "error_i+1": 0.10759162882575331
        }
      ],
      "n_checks": 1,
      "eps_S": 0.001
    },
    "P3.3": {
      "passed": true,
      "fid_passed": true,
      "S_passed": true,
      "best_fidelity": 0.9350844789379846,
      "final_entropy_error": 0.10759162882575331,
      "fid_threshold": 0.9,
      "S_threshold": 0.15
    },
    "P3.4": {
      "passed": false,
      "delta_aic": -42.13275471398205,
      "delta_bic": -42.13275471398205,
      "S_inf_sat": 0.14215465154076465,
      "c_sat": 1.7413793103448276,
      "aic_sat": -10.515581878994936,
      "bic_sat": -13.129287517875046,
      "a_log": -0.04299930863212809,
      "b_log": 0.1297113846889755,
      "aic_log": -52.64833659297699,
      "bic_log": -55.2620422318571
    }
  },
  "timestamp": "2026-02-27T23:05:40.912548+00:00"
}