{
  "chi_sweep": [
    2,
    4,
    8
  ],
  "ed_reference": {
    "energy": -8.50835624817372,
    "entropy": 0.1776933144259587
  },
  "best_per_chi": [
    {
      "chi": 2,
      "fidelity": 0.011254222164369544,
      "entropy": 0.05609236908690927
    },
    {
      "chi": 4,
      "fidelity": 0.011153712768800585,
      "entropy": 0.06741592617255042
    },
    {
      "chi": 8,
      "fidelity": 0.014205652446221923,
      "entropy": 0.10261374139651049
    }
  ]
}