{
  "run_id": "20260228T045107Z_392fc2f5",
  "config": {
    "L": 16,
    "A_size": 8,
    "model": "ising_cyclic",
    "chi_sweep": [
      2,
      4,
      8
    ],
    "restarts": 1,
    "steps": 40,
    "seed": 47
  },
  "ed_reference": {
    "energy": -8.508356248173694,
    "entropy": 0.17769331442595634
  },
  "verdict": "REJECTED"
}