chi,restart,seed,fidelity,entropy,energy
2,0,20047,0.008481950131311908,0.04462444288577924,-20.228253134822825
4,0,40047,0.010510577728349164,0.08578229871241598,-20.221409630245738
8,0,80047,0.013502385966509217,0.08548435815766395,-20.274686856322667
