{
  "chi_sweep": [
    2,
    4
  ],
  "ed_reference": {
    "energy": -4.254541117570134,
    "entropy": 0.1789071370783185
  },
  "best_per_chi": [
    {
      "chi": 2,
      "fidelity": 0.0878694762994063,
      "entropy": 0.03446255611155554
    },
    {
      "chi": 4,
      "fidelity": 0.09860769512672574,
      "entropy": 0.06036479308147781
    }
  ]
}