{
  "chi_sweep": [
    2,
    4
  ],
  "ed_reference": {
    "energy": -3.6510934089371707,
    "entropy": 1.0511658766146599
  },
  "best_per_chi": [
    {
      "chi": 2,
      "fidelity": 0.6365772315795305,
      "entropy": 0.3191637261360166
    },
    {
      "chi": 4,
      "fidelity": 0.6466806283073575,
      "entropy": 0.606339089013686
    }
  ]
}