{
  "chi_sweep": [
    2,
    4,
    8
  ],
  "ed_reference": {
    "energy": -8.508356248173678,
    "entropy": 0.1776933144259575
  },
  "best_per_chi": [
    {
      "chi": 2,
      "fidelity": 0.008408318225741175,
      "entropy": 0.054671191708423945
    },
    {
      "chi": 4,
      "fidelity": 0.012126153728102839,
      "entropy": 0.09324106268330072
    },
    {
      "chi": 8,
      "fidelity": 0.01329208851468828,
      "entropy": 0.07953069172051583
    }
  ]
}