chi,restart,seed,fidelity,entropy,energy
2,0,20046,0.008408318225741175,0.054671191708423945,-20.222850277966362
4,0,40046,0.012126153728102839,0.09324106268330072,-20.282783415864632
8,0,80046,0.01329208851468828,0.07953069172051583,-20.28246373016831
