{
  "chi_sweep": [
    2,
    4
  ],
  "ed_reference": {
    "energy": -4.254541117570142,
    "entropy": 0.17890713707831601
  },
  "best_per_chi": [
    {
      "chi": 2,
      "fidelity": 0.07354786204987519,
      "entropy": 0.01243020133716755
    },
    {
      "chi": 4,
      "fidelity": 0.11727460440919477,
      "entropy": 0.08963460608184758
    }
  ]
}