chi,restart,seed,fidelity,entropy,energy
2,0,20049,0.07354786204987519,0.01243020133716755,-10.070315119657177
4,0,40049,0.11727460440919477,0.08963460608184758,-10.14056078350081
