{
  "chi_sweep": [
    2,
    4,
    8
  ],
  "per_partition": {
    "part_A_16": {
      "partition": {
        "partition_id": "part_A_16",
        "subsystem_size": 16,
        "K_cut": 2.0
      },
      "corr_medians_log_chi": 0.9999665180610279,
      "falsifier_3_3_model_selection": {
        "passed": false,
        "pass_condition": {
          "delta_aic_min": 10.0,
          "delta_bic_min": 10.0,
          "log_slope_positive": true
        },
        "delta_aic": -13.460379692944596,
        "delta_bic": -14.361767404276485,
        "model_1_log_linear": {
          "a": 2.0287555415155296,
          "b": -0.05315152673856913,
          "rss": 0.00026485169949757876,
          "aic": -24.004858405495572,
          "bic": -25.807633828159354
        },
        "model_2_linear_chi": {
          "a": 0.4512894225105257,
          "b": 0.6532835355060179,
          "rss": 0.15351567727632295,
          "aic": -4.917694621234439,
          "bic": -6.720470043898219
        },
        "model_3_log_power": {
          "p": 0.95,
          "a": 2.165545151911749,
          "b": -0.18187349155791088,
          "rss": 1.5306770397285373e-06,
          "aic": -37.46523809844017,
          "bic": -40.16940123243584
        }
      },
      "slope_stats": {
        "mean": 2.0166350163661058,
        "cv": 0.013145025028513883
      }
    },
    "part_A_8": {
      "partition": {
        "partition_id": "part_A_8",
        "subsystem_size": 8,
        "K_cut": 3.0
      },
      "corr_medians_log_chi": 0.999975540640844,
      "falsifier_3_3_model_selection": {
        "passed": false,
        "pass_condition": {
          "delta_aic_min": 10.0,
          "delta_bic_min": 10.0,
          "log_slope_positive": true
        },
        "delta_aic": -13.07622482257527,
        "delta_bic": -13.977612533907159,
        "model_1_log_linear": {
          "a": 3.036789237006872,
          "b": -0.0680009490833708,
          "rss": 0.00043351210089744805,
          "aic": -22.526609409169225,
          "bic": -24.329384831833007
        },
        "model_2_linear_chi": {
          "a": 0.6756777400845939,
          "b": 0.988720059027388,
          "rss": 0.33990667220558646,
          "aic": -2.5330894436997813,
          "bic": -4.335864866363561
        },
        "model_3_log_power": {
          "p": 0.95,
          "a": 3.241516759528872,
          "b": -0.2606417938726449,
          "rss": 2.8476993881094923e-06,
          "aic": -35.602834231744495,
          "bic": -38.306997365740166
        }
      },
      "slope_stats": {
        "mean": 2.9505431309919685,
        "cv": 0.03505806542279708
      }
    },
    "part_A_4": {
      "partition": {
        "partition_id": "part_A_4",
        "subsystem_size": 4,
        "K_cut": 4.0
      },
      "corr_medians_log_chi": 0.9981533393065338,
      "falsifier_3_3_model_selection": {
        "passed": false,
        "pass_condition": {
          "delta_aic_min": 10.0,
          "delta_bic_min": 10.0,
          "log_slope_positive": true
        },
        "delta_aic": -31.467189075868234,
        "delta_bic": -32.368576787200126,
        "model_1_log_linear": {
          "a": 4.000000000000001,
          "b": -0.09741717250163462,
          "rss": 0.05694063298928219,
          "aic": -7.893075107255449,
          "bic": -9.695850529919229
        },
        "model_2_linear_chi": {
          "a": 0.9016267863451048,
          "b": 1.2401686023674323,
          "rss": 0.2567276570783618,
          "aic": -3.3750552341550204,
          "bic": -5.1778306568188
        },
        "model_3_log_power": {
          "p": 1.4100000000000001,
          "a": 2.507996750948798,
          "b": 1.2771355048414557,
          "rss": 8.138613864399712e-07,
          "aic": -39.36026418312368,
          "bic": -42.06442731711935
        }
      },
      "slope_stats": {
        "mean": 4.003617542854323,
        "cv": 0.0012778388825326517
      }
    }
  }
}