{
  "chi_sweep": [
    2,
    4,
    8
  ],
  "ed_reference": {
    "energy": -8.508356248173708,
    "entropy": 0.17769331442595682
  },
  "best_per_chi": [
    {
      "chi": 2,
      "fidelity": 0.006066694965178666,
      "entropy": 0.028970705832198212
    },
    {
      "chi": 4,
      "fidelity": 0.025120091131190386,
      "entropy": 0.3300890126894416
    },
    {
      "chi": 8,
      "fidelity": 0.012720014282649362,
      "entropy": 0.08874128646473536
    }
  ]
}