chi,restart,seed,fidelity,entropy,energy
2,0,20043,0.006066694965178666,0.028970705832198212,-20.166231118354922
4,0,40043,0.025120091131190386,0.3300890126894416,-19.706027400409894
8,0,80043,0.012720014282649362,0.08874128646473536,-20.27986693284731
