{
  "claim": "3P",
  "model": "ising_cyclic",
  "L": 16,
  "verdict": "REJECTED",
  "falsifiers": {
    "P3.1": {
      "passed": false,
      "violations": [
        {
          "chi_i": 4,
          "chi_i+1": 8,
          "fid_i": 0.025120091131190386,
          "fid_i+1": 0.012720014282649362,
          "drop": 0.012400076848541023
        }
      ],
      "n_checks": 2,
      "eps_fid": 0.0001
    },
    "P3.2": {
      "passed": false,
      "errors": [
        0.1487226085937586,
        0.15239569826348476,
        0.08895202796122145
      ],
      "violations": [
        {
          "chi_i": 2,
          "chi_i+1": 4,
          "error_i": 0.1487226085937586,
          "error_i+1": 0.15239569826348476
        }
      ],
      "n_checks": 2,
      "eps_S": 0.001
    },
    "P3.3": {
      "passed": false,
      "fid_passed": false,
      "S_passed": true,
      "best_fidelity": 0.012720014282649362,
      "final_entropy_error": 0.08895202796122145,
      "fid_threshold": 0.9,
      "S_threshold": 0.15
    },
    "P3.4": {
      "passed": false,
      "delta_aic": 0.08661622398001256,
      "delta_bic": 0.08661622398001256,
      "S_inf_sat": 0.21323197731114818,
      "c_sat": 1.7482758620689656,
      "aic_sat": -8.427510341817904,
      "bic_sat": -10.230285764481684,
      "a_log": 0.04311536013480772,
      "b_log": 0.08949642102958782,
      "aic_log": -8.340894117837891,
      "bic_log": -10.143669540501671
    }
  },
  "timestamp": "2026-02-28T04:40:40.059911+00:00"
}