chi,restart,seed,fidelity,entropy,energy
2,0,20048,0.09412376054328449,0.0677903906132986,-10.12664119452369
4,0,40048,0.08325609363853408,0.02493642466799366,-10.086436204147688
