{
  "chi_sweep": [
    2,
    4,
    8
  ],
  "ed_reference": {
    "energy": -3.651093408937177,
    "entropy": 1.0511658766146632
  },
  "best_per_chi": [
    {
      "chi": 2,
      "fidelity": 0.6568588005510062,
      "entropy": 0.7003779598712443
    },
    {
      "chi": 4,
      "fidelity": 0.9882749009745478,
      "entropy": 1.0808469927830027
    },
    {
      "chi": 8,
      "fidelity": 0.9996786402334339,
      "entropy": 1.0496850887682379
    }
  ]
}