{
  "chi_sweep": [
    2,
    4
  ],
  "ed_reference": {
    "energy": -3.651093408937176,
    "entropy": 1.051165876614661
  },
  "best_per_chi": [
    {
      "chi": 2,
      "fidelity": 0.6082791121584652,
      "entropy": 0.6199972986874636
    },
    {
      "chi": 4,
      "fidelity": 0.974556273992864,
      "entropy": 1.0907089782727755
    }
  ]
}