chi,restart,seed,fidelity,entropy,energy
2,0,20047,0.6082791121584652,0.6199972986874636,-3.4023965979103474
4,0,40047,0.974556273992864,1.0907089782727755,-3.586236843172298
