chi,restart,seed,fidelity,entropy,energy
2,0,20042,0.18482066817394438,0.03923828725384845,-9.618262215556793
4,0,40042,0.18623483791996276,0.014316820889149456,-9.599390153482496
