{
  "claim": "3P",
  "model": "ising_open",
  "L": 8,
  "verdict": "REJECTED",
  "falsifiers": {
    "P3.1": {
      "passed": true,
      "violations": [],
      "n_checks": 1,
      "eps_fid": 0.0001
    },
    "P3.2": {
      "passed": false,
      "errors": [
        0.04955365228156397,
        0.07447511864626297
      ],
      "violations": [
        {
          "chi_i": 2,
          "chi_i+1": 4,
          "error_i": 0.04955365228156397,
          "error_i+1": 0.07447511864626297
        }
      ],
      "n_checks": 1,
      "eps_S": 0.001
    },
    "P3.3": {
      "passed": false,
      "fid_passed": false,
      "S_passed": true,
      "best_fidelity": 0.18623483791996276,
      "final_entropy_error": 0.07447511864626297,
      "fid_threshold": 0.95,
      "S_threshold": 0.15
    },
    "P3.4": {
      "passed": false,
      "delta_aic": -40.59971618554485,
      "delta_bic": -40.59971618554485,
      "S_inf_sat": 0.07103355162832994,
      "c_sat": 5.434482758620689,
      "aic_sat": -12.04862040743214,
      "bic_sat": -14.662326046312248,
      "a_log": -0.035954075936032344,
      "b_log": 0.06415975361854745,
      "aic_log": -52.64833659297699,
      "bic_log": -55.2620422318571
    }
  },
  "timestamp": "2026-02-28T05:39:22.160854+00:00"
}