{
  "chi_sweep": [
    2,
    4
  ],
  "ed_reference": {
    "energy": -4.2212853733020435,
    "entropy": 0.08879193953541095
  },
  "best_per_chi": [
    {
      "chi": 2,
      "fidelity": 0.9899112570085263,
      "entropy": 0.10532923690481996
    },
    {
      "chi": 4,
      "fidelity": 0.9975769691971399,
      "entropy": 0.07537342017655856
    }
  ]
}