chi,restart,seed,fidelity,entropy,energy
2,0,20042,0.9899112570085263,0.10532923690481996,-4.203572090534418
4,0,40042,0.9975769691971399,0.07537342017655856,-4.216372757381139
