{
  "chi_sweep": [
    2,
    4
  ],
  "ed_reference": {
    "energy": -3.6510934089371783,
    "entropy": 1.0511658766146597
  },
  "best_per_chi": [
    {
      "chi": 2,
      "fidelity": 0.5433825544227742,
      "entropy": 0.28348393883151946
    },
    {
      "chi": 4,
      "fidelity": 0.9489328294774512,
      "entropy": 1.0403861991620784
    }
  ]
}