{
  "chi_sweep": [
    2,
    4
  ],
  "ed_reference": {
    "energy": -7.14229636061678,
    "entropy": 1.2796494536579137
  },
  "best_per_chi": [
    {
      "chi": 2,
      "fidelity": 0.3204771028338601,
      "entropy": 0.4664104255331109
    },
    {
      "chi": 4,
      "fidelity": 0.4358692175475676,
      "entropy": 0.7257114710272442
    }
  ]
}