{
  "claim": "3P",
  "model": "heisenberg_cyclic",
  "L": 16,
  "verdict": "REJECTED",
  "falsifiers": {
    "P3.1": {
      "passed": true,
      "violations": [],
      "n_checks": 1,
      "eps_fid": 0.0001
    },
    "P3.2": {
      "passed": true,
      "errors": [
        0.8132390281248028,
        0.5539379826306695
      ],
      "violations": [],
      "n_checks": 1,
      "eps_S": 0.001
    },
    "P3.3": {
      "passed": false,
      "fid_passed": false,
      "S_passed": false,
      "best_fidelity": 0.4358692175475676,
      "final_entropy_error": 0.5539379826306695,
      "fid_threshold": 0.9,
      "S_threshold": 0.15
    },
    "P3.4": {
      "passed": false,
      "delta_aic": -37.543941268852976,
      "delta_bic": -37.54394126885298,
      "S_inf_sat": 1.4826283325139966,
      "c_sat": 4.203448275862068,
      "aic_sat": -15.10439532412401,
      "bic_sat": -17.71810096300412,
      "a_log": 0.3740923324317097,
      "b_log": 0.20710938003897725,
      "aic_log": -52.64833659297699,
      "bic_log": -55.2620422318571
    }
  },
  "timestamp": "2026-02-27T23:07:21.155568+00:00"
}