chi,restart,seed,fidelity,entropy,energy
2,0,20047,0.09238930557489243,0.016782036095800874,-10.103450951212178
4,0,40047,0.12409506140865176,0.10484085622858694,-10.15861438759483
