{
  "chi_sweep": [
    2,
    4,
    8
  ],
  "per_partition": {
    "part_A_16": {
      "partition": {
        "partition_id": "part_A_16",
        "subsystem_size": 16,
        "K_cut": 2.0
      },
      "corr_medians_log_chi": 0.9993518787370976,
      "falsifier_3_3_model_selection": {
        "passed": false,
        "pass_condition": {
          "delta_aic_min": 10.0,
          "delta_bic_min": 10.0,
          "log_slope_positive": true
        },
        "delta_aic": -25.07450688883663,
        "delta_bic": -25.97589460016852,
        "model_1_log_linear": {
          "a": 1.88254785022153,
          "b": 0.10854883529286825,
          "rss": 0.004418568616289373,
          "aic": -15.56165529943221,
          "bic": -17.364430722095992
        },
        "model_2_linear_chi": {
          "a": 0.4165190351922322,
          "b": 0.7745588070295948,
          "rss": 0.1714118130134606,
          "aic": -4.5868959293885485,
          "bic": -6.3896713520523285
        },
        "model_3_log_power": {
          "p": 0.76,
          "a": 2.6427811028602606,
          "b": -0.614254059679157,
          "rss": 5.319187379844402e-07,
          "aic": -40.63616218826884,
          "bic": -43.34032532226451
        }
      },
      "slope_stats": {
        "mean": 1.9105649822597195,
        "cv": 0.033860915406909296
      }
    },
    "part_A_8": {
      "partition": {
        "partition_id": "part_A_8",
        "subsystem_size": 8,
        "K_cut": 3.0
      },
      "corr_medians_log_chi": 0.9999838082366974,
      "falsifier_3_3_model_selection": {
        "passed": false,
        "pass_condition": {
          "delta_aic_min": 10.0,
          "delta_bic_min": 10.0,
          "log_slope_positive": true
        },
        "delta_aic": -14.614904434197989,
        "delta_bic": -15.516292145529878,
        "model_1_log_linear": {
          "a": 3.0298642174150165,
          "b": -0.0552007949355937,
          "rss": 0.0002856682276426461,
          "aic": -23.77787525717298,
          "bic": -25.58065067983676
        },
        "model_2_linear_chi": {
          "a": 0.674306294997332,
          "b": 0.9983201746382206,
          "rss": 0.33394954579255093,
          "aic": -2.5861329397570323,
          "bic": -4.388908362420812
        },
        "model_3_log_power": {
          "p": 0.96,
          "a": 3.1915858182503456,
          "b": -0.20729743464059455,
          "rss": 1.1235907864362505e-06,
          "aic": -38.39277969137097,
          "bic": -41.09694282536664
        }
      },
      "slope_stats": {
        "mean": 2.9407890405848964,
        "cv": 0.04848059842120572
      }
    },
    "part_A_4": {
      "partition": {
        "partition_id": "part_A_4",
        "subsystem_size": 4,
        "K_cut": 4.0
      },
      "corr_medians_log_chi": 0.9999290647858363,
      "falsifier_3_3_model_selection": {
        "passed": false,
        "pass_condition": {
          "delta_aic_min": 10.0,
          "delta_bic_min": 10.0,
          "log_slope_positive": true
        },
        "delta_aic": -22.700147194470013,
        "delta_bic": -23.601534905801902,
        "model_1_log_linear": {
          "a": 3.9511983004649065,
          "b": 0.029983774023780774,
          "rss": 0.002128514742155829,
          "aic": -17.752829405932168,
          "bic": -19.55560482859595
        },
        "model_2_linear_chi": {
          "a": 0.87829832271151,
          "b": 1.4087821916377226,
          "rss": 0.6041477328995256,
          "aic": -0.8076464261889598,
          "bic": -2.61042184885274
        },
        "model_3_log_power": {
          "p": 0.9199999999999999,
          "a": 4.391216739888637,
          "b": -0.38471661082081865,
          "rss": 5.654108257539092e-07,
          "aic": -40.45297660040218,
          "bic": -43.15713973439785
        }
      },
      "slope_stats": {
        "mean": 3.982948499612417,
        "cv": 0.012085811814341188
      }
    }
  }
}