{
  "run_id": "20260228T045047Z_90a2e14f",
  "config": {
    "L": 8,
    "A_size": 4,
    "model": "ising_cyclic",
    "chi_sweep": [
      2,
      4
    ],
    "restarts": 1,
    "steps": 30,
    "seed": 47
  },
  "ed_reference": {
    "energy": -4.25454111757014,
    "entropy": 0.1789071370783176
  },
  "verdict": "REJECTED"
}