{
  "chi_sweep": [
    2,
    4
  ],
  "ed_reference": {
    "energy": -4.25454111757014,
    "entropy": 0.1789071370783176
  },
  "best_per_chi": [
    {
      "chi": 2,
      "fidelity": 0.09238930557489243,
      "entropy": 0.016782036095800874
    },
    {
      "chi": 4,
      "fidelity": 0.12409506140865176,
      "entropy": 0.10484085622858694
    }
  ]
}