chi,restart,seed,fidelity,entropy,energy
2,0,20042,0.6568588005510062,0.7003779598712443,-3.431134334992079
2,1,21042,0.6417074142128711,0.6656466345968468,-3.42416068480222
4,0,40042,0.9818233798900989,1.0343682117777142,-3.6072726379430007
4,1,41042,0.9882749009745478,1.0808469927830027,-3.6206358107481496
8,0,80042,0.9991446723115021,1.046817369644502,-3.6478216605985265
8,1,81042,0.9996786402334339,1.0496850887682379,-3.6498642587522547
