{
  "run_id": "20260228T052626Z_75a225cf",
  "config": {
    "L": 8,
    "A_size": 4,
    "model": "ising_open",
    "chi_sweep": [
      2,
      4
    ],
    "restarts": 1,
    "steps": 30,
    "seed": 42
  },
  "ed_reference": {
    "energy": -4.221285373302042,
    "entropy": 0.08879193953541216
  },
  "verdict": "REJECTED"
}