{
  "chi_sweep": [
    2,
    4
  ],
  "ed_reference": {
    "energy": -4.221285373302042,
    "entropy": 0.08879193953541216
  },
  "best_per_chi": [
    {
      "chi": 2,
      "fidelity": 0.22263724664923767,
      "entropy": 0.004154511413167379
    },
    {
      "chi": 4,
      "fidelity": 0.29542107191666395,
      "entropy": 0.1522828024789055
    }
  ]
}