{
  "chi_sweep": [
    2,
    4
  ],
  "ed_reference": {
    "energy": -3.651093408937172,
    "entropy": 1.0511658766146594
  },
  "best_per_chi": [
    {
      "chi": 2,
      "fidelity": 0.556406639881151,
      "entropy": 0.2298844071764615
    },
    {
      "chi": 4,
      "fidelity": 0.8905654042725254,
      "entropy": 0.9854373308036379
    }
  ]
}