chi,restart,seed,fidelity,entropy,energy
2,0,20042,0.556406639881151,0.2298844071764615,-3.1359492225828403
4,0,40042,0.8905654042725254,0.9854373308036379,-3.546990386330757
