{
  "claim": "3P",
  "model": "ising_cyclic",
  "L": 16,
  "verdict": "REJECTED",
  "falsifiers": {
    "P3.1": {
      "passed": true,
      "violations": [],
      "n_checks": 2,
      "eps_fid": 0.0001
    },
    "P3.2": {
      "passed": false,
      "errors": [
        0.09882286664262313,
        0.1022381523034467,
        0.08468868261867135
      ],
      "violations": [
        {
          "chi_i": 2,
          "chi_i+1": 4,
          "error_i": 0.09882286664262313,
          "error_i+1": 0.1022381523034467
        }
      ],
      "n_checks": 2,
      "eps_S": 0.001
    },
    "P3.3": {
      "passed": false,
      "fid_passed": false,
      "S_passed": true,
      "best_fidelity": 0.013441754745304459,
      "final_entropy_error": 0.08468868261867135,
      "fid_threshold": 0.9,
      "S_threshold": 0.15
    },
    "P3.4": {
      "passed": false,
      "delta_aic": -6.373237777982553,
      "delta_bic": -6.373237777982553,
      "S_inf_sat": 0.14215465154076742,
      "c_sat": 2.5724137931034483,
      "aic_sat": -21.48735290422499,
      "bic_sat": -23.290128326888773,
      "a_log": 0.010195658599183612,
      "b_log": 0.06830922988042716,
      "aic_log": -27.860590682207544,
      "bic_log": -29.663366104871326
    }
  },
  "timestamp": "2026-02-28T04:46:11.272283+00:00"
}