chi,restart,seed,fidelity,entropy,energy
2,0,20042,0.10041647334949656,0.04084329284397614,-10.108549476547543
4,0,40042,0.11076056707089245,0.10378989550288623,-10.096086740799754
