{
  "chi_sweep": [
    2,
    4,
    8
  ],
  "per_partition": {
    "part_A_16": {
      "partition": {
        "partition_id": "part_A_16",
        "subsystem_size": 16,
        "K_cut": 2.0
      },
      "corr_medians_log_chi": 0.9999128735581069,
      "falsifier_3_3_model_selection": {
        "passed": false,
        "pass_condition": {
          "delta_aic_min": 10.0,
          "delta_bic_min": 10.0,
          "log_slope_positive": true
        },
        "delta_aic": -18.68201935408195,
        "delta_bic": -19.58340706541384,
        "model_1_log_linear": {
          "a": 2.0383855502139445,
          "b": -0.07475138199838972,
          "rss": 0.0006958094402337118,
          "aic": -21.10714104966111,
          "bic": -22.90991647232489
        },
        "model_2_linear_chi": {
          "a": 0.45299300742649584,
          "b": 0.6370836440611519,
          "rss": 0.16282565203955945,
          "aic": -4.741062676051246,
          "bic": -6.543838098715026
        },
        "model_3_log_power": {
          "p": 0.91,
          "a": 2.2965415975144543,
          "b": -0.31817951229200175,
          "rss": 7.054420712387508e-07,
          "aic": -39.78916040374306,
          "bic": -42.49332353773873
        }
      },
      "slope_stats": {
        "mean": 1.9802105423155638,
        "cv": 0.03137382917429162
      }
    },
    "part_A_8": {
      "partition": {
        "partition_id": "part_A_8",
        "subsystem_size": 8,
        "K_cut": 3.0
      },
      "corr_medians_log_chi": 0.999429387370964,
      "falsifier_3_3_model_selection": {
        "passed": false,
        "pass_condition": {
          "delta_aic_min": 10.0,
          "delta_bic_min": 10.0,
          "log_slope_positive": true
        },
        "delta_aic": -24.273054249970322,
        "delta_bic": -25.174441961302215,
        "model_1_log_linear": {
          "a": 2.929561796186152,
          "b": 0.018403589657080124,
          "rss": 0.009419535004879577,
          "aic": -13.290745528459006,
          "bic": -15.093520951122786
        },
        "model_2_linear_chi": {
          "a": 0.6484532411098869,
          "b": 1.0535234630827253,
          "rss": 0.40705774837532427,
          "aic": -1.9922375131181846,
          "bic": -3.795012935781965
        },
        "model_3_log_power": {
          "p": 0.78,
          "a": 3.9865451671573475,
          "b": -0.9854348128353777,
          "rss": 1.4812054564031915e-06,
          "aic": -37.56379977842933,
          "bic": -40.267962912425
        }
      },
      "slope_stats": {
        "mean": 2.928218839233748,
        "cv": 0.016685448452225537
      }
    },
    "part_A_4": {
      "partition": {
        "partition_id": "part_A_4",
        "subsystem_size": 4,
        "K_cut": 4.0
      },
      "corr_medians_log_chi": 0.9987273469912696,
      "falsifier_3_3_model_selection": {
        "passed": false,
        "pass_condition": {
          "delta_aic_min": 10.0,
          "delta_bic_min": 10.0,
          "log_slope_positive": true
        },
        "delta_aic": -28.69681859128243,
        "delta_bic": -29.598206302614322,
        "model_1_log_linear": {
          "a": 3.9829535095607245,
          "b": -0.11886899794608036,
          "rss": 0.03887416482276238,
          "aic": -9.038113043121413,
          "bic": -10.840888465785193
        },
        "model_2_linear_chi": {
          "a": 0.8960155063554344,
          "b": 1.2212712966352632,
          "rss": 0.29619186058987274,
          "aic": -2.946080436902337,
          "bic": -4.748855859566117
        },
        "model_3_log_power": {
          "p": 1.3399999999999999,
          "a": 2.6865535389106006,
          "b": 1.0789218445134212,
          "rss": 1.3990763960865435e-06,
          "aic": -37.73493163440384,
          "bic": -40.439094768399514
        }
      },
      "slope_stats": {
        "mean": 3.871009095107637,
        "cv": 0.05319025880061549
      }
    }
  }
}