{
  "chi_sweep": [
    2,
    4
  ],
  "ed_reference": {
    "energy": -3.6510934089371743,
    "entropy": 1.0511658766146588
  },
  "best_per_chi": [
    {
      "chi": 2,
      "fidelity": 0.6612528643273838,
      "entropy": 0.6897843503948976
    },
    {
      "chi": 4,
      "fidelity": 0.6746508007430793,
      "entropy": 0.7014532370733914
    }
  ]
}