chi,restart,seed,fidelity,entropy,energy
2,0,20043,0.6612528643273838,0.6897843503948976,-3.4324395329063657
4,0,40043,0.6746508007430793,0.7014532370733914,-3.4356186096677837
