{
  "run_id": "20260228T054746Z_311bcba4",
  "config": {
    "L": 8,
    "A_size": 4,
    "model": "ising_open",
    "chi_sweep": [
      2,
      4
    ],
    "restarts": 1,
    "steps": 30,
    "seed": 42
  },
  "ed_reference": {
    "energy": -4.221285373302032,
    "entropy": 0.0887919395354124
  },
  "verdict": "REJECTED"
}