{
  "chi_sweep": [
    2,
    4
  ],
  "ed_reference": {
    "energy": -4.221285373302032,
    "entropy": 0.0887919395354124
  },
  "best_per_chi": [
    {
      "chi": 2,
      "fidelity": 0.17985983852978885,
      "entropy": 0.012292912800862948
    },
    {
      "chi": 4,
      "fidelity": 0.1870123657765897,
      "entropy": 0.023417648333509147
    }
  ]
}