{
  "chi_sweep": [
    2,
    4,
    8
  ],
  "per_partition": {
    "part_A_16": {
      "partition": {
        "partition_id": "part_A_16",
        "subsystem_size": 16,
        "K_cut": 2.0
      },
      "corr_medians_log_chi": 0.9999172024950097,
      "falsifier_3_3_model_selection": {
        "passed": false,
        "pass_condition": {
          "delta_aic_min": 10.0,
          "delta_bic_min": 10.0,
          "log_slope_positive": true
        },
        "delta_aic": -15.035203097101988,
        "delta_bic": -15.936590808433877,
        "model_1_log_linear": {
          "a": 2.037186025643816,
          "b": -0.07253418980159672,
          "rss": 0.0006604553774999867,
          "aic": -21.263579850859667,
          "bic": -23.06635527352345
        },
        "model_2_linear_chi": {
          "a": 0.45275545111969645,
          "b": 0.6387465382087465,
          "rss": 0.1621091071510659,
          "aic": -4.754293874555982,
          "bic": -6.557069297219762
        },
        "model_3_log_power": {
          "p": 0.91,
          "a": 2.2951797728506445,
          "b": -0.3158051932897793,
          "rss": 2.2581107913021166e-06,
          "aic": -36.298782947961655,
          "bic": -39.002946081957326
        }
      },
      "slope_stats": {
        "mean": 2.0218665294129434,
        "cv": 0.014707512046001316
      }
    },
    "part_A_8": {
      "partition": {
        "partition_id": "part_A_8",
        "subsystem_size": 8,
        "K_cut": 3.0
      },
      "corr_medians_log_chi": 0.9999555055857559,
      "falsifier_3_3_model_selection": {
        "passed": false,
        "pass_condition": {
          "delta_aic_min": 10.0,
          "delta_bic_min": 10.0,
          "log_slope_positive": true
        },
        "delta_aic": -17.624993042194212,
        "delta_bic": -18.5263807535261,
        "model_1_log_linear": {
          "a": 3.0241646686289227,
          "b": -0.05633337044742352,
          "rss": 0.0007820891553882194,
          "aic": -20.756462309413415,
          "bic": -22.559237732077197
        },
        "model_2_linear_chi": {
          "a": 0.6725524958071079,
          "b": 0.9974707430043487,
          "rss": 0.3453825843407902,
          "aic": -2.4851444747616576,
          "bic": -4.2879198974254376
        },
        "model_3_log_power": {
          "p": 0.94,
          "a": 3.2714289741281304,
          "b": -0.28913243081179596,
          "rss": 1.1278401094603511e-06,
          "aic": -38.38145535160763,
          "bic": -41.0856184856033
        }
      },
      "slope_stats": {
        "mean": 2.9463349415326525,
        "cv": 0.03447769469783518
      }
    },
    "part_A_4": {
      "partition": {
        "partition_id": "part_A_4",
        "subsystem_size": 4,
        "K_cut": 4.0
      },
      "corr_medians_log_chi": 0.9996740815864289,
      "falsifier_3_3_model_selection": {
        "passed": false,
        "pass_condition": {
          "delta_aic_min": 10.0,
          "delta_bic_min": 10.0,
          "log_slope_positive": true
        },
        "delta_aic": -41.46668489841174,
        "delta_bic": -42.368072609743635,
        "model_1_log_linear": {
          "a": 4.0,
          "b": -0.040879017597753975,
          "rss": 0.010026564478545157,
          "aic": -13.103388646769332,
          "bic": -14.906164069433112
        },
        "model_2_linear_chi": {
          "a": 0.8955691268911175,
          "b": 1.3249758347232568,
          "rss": 0.41303387043797263,
          "aic": -1.9485139019186448,
          "bic": -3.7512893245824253
        },
        "model_3_log_power": {
          "p": 1.17,
          "a": 3.254669941789013,
          "b": 0.6529272864668526,
          "rss": 5.113344088132548e-09,
          "aic": -54.570073545181074,
          "bic": -57.274236679176745
        }
      },
      "slope_stats": {
        "mean": 3.982249135035779,
        "cv": 0.006303853205816496
      }
    }
  }
}