{
  "loglinear": {
    "a": 0.0674334660203024,
    "b": 0.00921225200437704,
    "aic": -45.30668483127028,
    "bic": -46.5340961090305
  },
  "saturating": {
    "S_inf": 0.14103185527215198,
    "c": 0.07499437021134926,
    "alpha": 0.15654603236935113,
    "rss": 1.2669924700625346e-05,
    "aic": -44.65029547156908
  },
  "delta_aic": 0.6563893597012012
}