chi,S_mera,S_ref,entropy_error,fidelity,energy
2,0.07159788765298172,0.08884099483049254,0.01724310717751082,0.8270039252445889,-6.348374188683965
4,0.0827030120067933,0.08884099483049254,0.006137982823699248,0.900345585186177,-6.348374188683965
8,0.08825557418369909,0.08884099483049254,0.0005854206467934553,0.9424693072500041,-6.348374188683965
16,0.09103185527215198,0.08884099483049254,0.002190860441659434,0.9666630323705394,-6.348374188683965
