{
  "run_id": "20260228T044736Z_83eedf50",
  "config": {
    "L": 16,
    "A_size": 8,
    "model": "ising_cyclic",
    "chi_sweep": [
      2,
      4,
      8
    ],
    "restarts": 1,
    "steps": 40,
    "seed": 44
  },
  "ed_reference": {
    "energy": -8.508356248173708,
    "entropy": 0.1776933144259567
  },
  "verdict": "REJECTED"
}