chi,restart,seed,fidelity,entropy,energy
2,0,20044,0.007511402836573312,0.03786745070216267,-20.194120405217422
4,0,40044,0.011278908160774913,0.08134180675702768,-20.265340967058105
8,0,80044,0.015537710534499349,0.11393625890449245,-20.310710239304097
