{
  "loglinear": {
    "a": 0.38242802294522543,
    "b": 0.0556662296008207,
    "aic": -30.91597015484588,
    "bic": -32.1433814326061
  },
  "saturating": {
    "S_inf": 0.5750243559242677,
    "c": 0.2371731413688777,
    "alpha": 0.5818056503644865,
    "rss": 0.00013439786731656324,
    "aic": -35.2040014372054
  },
  "delta_aic": -4.288031282359519
}