chi,S_mera,S_ref,entropy_error,fidelity,energy
2,0.4075920817062326,0.5368332535681604,0.12924117186192774,0.8270039252445889,-5.14209063284053
4,0.47469623840225267,0.5368332535681604,0.062137015165907694,0.900345585186177,-5.14209063284053
8,0.5082483167502627,0.5368332535681604,0.028584936817897644,0.9424693072500041,-5.14209063284053
16,0.5250243559242677,0.5368332535681604,0.011808897643892702,0.9666630323705394,-5.14209063284053
