{
  "run_id": "20260227T230447Z_3552cc17",
  "config": {
    "L": 16,
    "A_size": 8,
    "model": "ising_open",
    "chi_sweep": [
      2,
      4
    ],
    "restarts": 1,
    "steps": 20,
    "seed": 42
  },
  "ed_reference": {
    "energy": -8.475463008620784,
    "entropy": 0.088842887236005
  },
  "verdict": "REJECTED"
}