{
  "chi_sweep": [
    2,
    4
  ],
  "ed_reference": {
    "energy": -8.475463008620784,
    "entropy": 0.088842887236005
  },
  "best_per_chi": [
    {
      "chi": 2,
      "fidelity": 0.9267291701750869,
      "entropy": 0.023842676141961557
    },
    {
      "chi": 4,
      "fidelity": 0.9629483509455611,
      "entropy": 0.0808658150723069
    }
  ]
}