chi,restart,seed,fidelity,entropy,energy
2,0,20042,0.9267291701750869,0.023842676141961557,-8.32884400981423
4,0,40042,0.9629483509455611,0.0808658150723069,-8.401117922236557
