{
  "claim": "3P",
  "model": "ising_open",
  "L": 16,
  "verdict": "REJECTED",
  "falsifiers": {
    "P3.1": {
      "passed": true,
      "violations": [],
      "n_checks": 1,
      "eps_fid": 0.0001
    },
    "P3.2": {
      "passed": true,
      "errors": [
        0.06500021109404344,
        0.007977072163698098
      ],
      "violations": [],
      "n_checks": 1,
      "eps_S": 0.001
    },
    "P3.3": {
      "passed": true,
      "fid_passed": true,
      "S_passed": true,
      "best_fidelity": 0.9629483509455611,
      "final_entropy_error": 0.007977072163698098,
      "fid_threshold": 0.9,
      "S_threshold": 0.15
    },
    "P3.4": {
      "passed": false,
      "delta_aic": -40.87305944351371,
      "delta_bic": -40.87305944351371,
      "S_inf_sat": 0.106611464683206,
      "c_sat": 2.972413793103448,
      "aic_sat": -11.775277149463282,
      "bic_sat": -14.388982788343391,
      "a_log": 0.08226699975073162,
      "b_log": -0.033180462788383824,
      "aic_log": -52.64833659297699,
      "bic_log": -55.2620422318571
    }
  },
  "timestamp": "2026-02-27T23:05:13.665057+00:00"
}