{
  "chi_sweep": [
    2,
    4,
    8
  ],
  "per_partition": {
    "part_A_16": {
      "partition": {
        "partition_id": "part_A_16",
        "subsystem_size": 16,
        "K_cut": 2.0
      },
      "corr_medians_log_chi": 0.9999992927494574,
      "falsifier_3_3_model_selection": {
        "passed": false,
        "pass_condition": {
          "delta_aic_min": 10.0,
          "delta_bic_min": 10.0,
          "log_slope_positive": true
        },
        "delta_aic": -5.848449879781086,
        "delta_bic": -6.749837591112978,
        "model_1_log_linear": {
          "a": 1.9958885143463847,
          "b": 0.0037998195849551332,
          "rss": 5.414485829327561e-06,
          "aic": -35.67513477116157,
          "bic": -37.477910193825345
        },
        "model_2_linear_chi": {
          "a": 0.44457680725685167,
          "b": 0.6959970452486604,
          "rss": 0.13840339628424808,
          "aic": -5.228584955425099,
          "bic": -7.031360378088879
        },
        "model_3_log_power": {
          "p": 0.99,
          "a": 2.021719699759892,
          "b": -0.020456637167440898,
          "rss": 3.957106419309614e-07,
          "aic": -41.52358465094265,
          "bic": -44.22774778493832
        }
      },
      "slope_stats": {
        "mean": 2.0081006923138,
        "cv": 0.013439047348266266
      }
    },
    "part_A_8": {
      "partition": {
        "partition_id": "part_A_8",
        "subsystem_size": 8,
        "K_cut": 3.0
      },
      "corr_medians_log_chi": 0.9995125155215137,
      "falsifier_3_3_model_selection": {
        "passed": false,
        "pass_condition": {
          "delta_aic_min": 10.0,
          "delta_bic_min": 10.0,
          "log_slope_positive": true
        },
        "delta_aic": -21.56935598167233,
        "delta_bic": -22.470743693004223,
        "model_1_log_linear": {
          "a": 2.9158259050287945,
          "b": 0.04379290759895012,
          "rss": 0.007970995131395752,
          "aic": -13.791674668982871,
          "bic": -15.594450091646651
        },
        "model_2_linear_chi": {
          "a": 0.6457329570446868,
          "b": 1.0725654515391276,
          "rss": 0.39417352692370417,
          "aic": -2.0887289949383714,
          "bic": -3.891504417602152
        },
        "model_3_log_power": {
          "p": 0.79,
          "a": 3.907292377518682,
          "b": -0.897251019740892,
          "rss": 3.086731085323181e-06,
          "aic": -35.3610306506552,
          "bic": -38.06519378465087
        }
      },
      "slope_stats": {
        "mean": 2.907841235854921,
        "cv": 0.02592572027698498
      }
    },
    "part_A_4": {
      "partition": {
        "partition_id": "part_A_4",
        "subsystem_size": 4,
        "K_cut": 4.0
      },
      "corr_medians_log_chi": 0.998551191434007,
      "falsifier_3_3_model_selection": {
        "passed": false,
        "pass_condition": {
          "delta_aic_min": 10.0,
          "delta_bic_min": 10.0,
          "log_slope_positive": true
        },
        "delta_aic": -33.735657971908125,
        "delta_bic": -34.63704568324002,
        "model_1_log_linear": {
          "a": 3.9467474051073363,
          "b": -0.048201324491834945,
          "rss": 0.043465551608873235,
          "aic": -8.703196580974838,
          "bic": -10.505972003638618
        },
        "model_2_linear_chi": {
          "a": 0.8884439699139081,
          "b": 1.2770804883747826,
          "rss": 0.27711088624703367,
          "aic": -3.1458494906149763,
          "bic": -4.948624913278756
        },
        "model_3_log_power": {
          "p": 1.3599999999999999,
          "a": 2.6066300637217683,
          "b": 1.188906552946839,
          "rss": 2.916613224968019e-07,
          "aic": -42.438854552882965,
          "bic": -45.143017686878636
        }
      },
      "slope_stats": {
        "mean": 3.8454640013153845,
        "cv": 0.047378773384319735
      }
    }
  }
}