{
  "model": "heisenberg",
  "L_values": [
    4,
    8,
    16,
    32
  ],
  "chi": 16,
  "generated_at_utc": "2026-03-02T04:33:07.774403+00:00",
  "gaps": {
    "4": 0.5,
    "8": 0.35355339059327373,
    "16": 0.25,
    "32": 0.17677669529663687
  },
  "gap_ratios": {
    "4": 0.6666666666666666,
    "8": 0.4294744677091858,
    "16": 0.2857142857142857,
    "32": 0.19391666927535056
  },
  "gap_closure_test": {
    "fit_A": 0.0705479097483007,
    "fit_A_error": 0.001824534668523644,
    "pi_squared": 9.869604401089358,
    "A_times_pi_squared": 0.6962799605394835,
    "close_to_38": false,
    "L_values": [
      4,
      8,
      16,
      32
    ],
    "gap_values": [
      0.5,
      0.35355339059327373,
      0.25,
      0.17677669529663687
    ]
  },
  "delta_lambda_hypotheses": {
    "H1_gap_ratio_percent": {
      "values": [
        66.66666666666666,
        42.94744677091858,
        28.57142857142857,
        19.391666927535056
      ],
      "mean": 39.39430223413722,
      "mean_near_38": true
    },
    "H2_pi_squared_scale": {
      "A_times_pi_squared": 0.6962799605394835,
      "near_38": false
    }
  }
}