{
  "run_id": "20260228T044528Z_d9a4f408",
  "config": {
    "L": 8,
    "A_size": 4,
    "model": "heisenberg_cyclic",
    "chi_sweep": [
      2,
      4
    ],
    "restarts": 1,
    "steps": 30,
    "seed": 42
  },
  "ed_reference": {
    "energy": -3.651093408937178,
    "entropy": 1.0511658766146594
  },
  "verdict": "REJECTED"
}