chi,restart,seed,fidelity,entropy,energy
2,0,20042,0.6053148593931806,0.4587590892026189,-3.324534931658092
4,0,40042,0.7973288745344308,0.8128596297853605,-3.499990199551811
