{
  "claim": "3P",
  "model": "heisenberg_cyclic",
  "L": 8,
  "verdict": "REJECTED",
  "falsifiers": {
    "P3.1": {
      "passed": true,
      "violations": [],
      "n_checks": 1,
      "eps_fid": 0.0001
    },
    "P3.2": {
      "passed": true,
      "errors": [
        0.5924067874120406,
        0.2383062468292989
      ],
      "violations": [],
      "n_checks": 1,
      "eps_S": 0.001
    },
    "P3.3": {
      "passed": false,
      "fid_passed": false,
      "S_passed": false,
      "best_fidelity": 0.7973288745344308,
      "final_entropy_error": 0.2383062468292989,
      "fid_threshold": 0.95,
      "S_threshold": 0.15
    },
    "P3.4": {
      "passed": false,
      "delta_aic": -46.114711708321224,
      "delta_bic": -46.11471170832123,
      "S_inf_sat": 1.2613990519375913,
      "c_sat": 2.972413793103448,
      "aic_sat": -6.533624884655762,
      "bic_sat": -9.14733052353587,
      "a_log": 0.5108590938748226,
      "b_log": 0.10465854861987675,
      "aic_log": -52.64833659297699,
      "bic_log": -55.2620422318571
    }
  },
  "timestamp": "2026-02-28T04:45:34.194594+00:00"
}