{
  "run_id": "20260227T202634Z_933fa9d4",
  "config": {
    "L": 8,
    "A_size": 4,
    "model": "ising_open",
    "chi_sweep": [
      2,
      4
    ],
    "restarts": 1,
    "steps": 50,
    "seed": 42
  },
  "ed_reference": {
    "energy": -4.2212853733020435,
    "entropy": 0.08879193953541095
  },
  "verdict": "REJECTED"
}