{
  "metadata": {
    "run_id": "20260302T020836Z_9dbd9b64",
    "timestamp": "2026-03-02T02:08:36.963516+00:00",
    "test": "H1_capacity_entanglement_correlation_REAL_MERA",
    "version": "1.0.0",
    "config": {
      "chi_values": [
        4,
        8,
        16
      ],
      "model": "heisenberg_cyclic",
      "L": 8,
      "steps": 50,
      "seed": 42
    }
  },
  "measurements": [
    {
      "chi": 4,
      "L": 8,
      "model": "heisenberg_cyclic",
      "entanglement_entropy": 1.0462247920238041,
      "entanglement_gap": 0.5693673878652615,
      "entanglement_spectrum": [
        0.679190689771438,
        0.1098233019061765,
        0.10399144544832098,
        0.09254998991420606,
        0.0049734494721329105,
        0.004013974621606646,
        0.0026941772758970533,
        0.0010479273472075196,
        0.0006830877506742966,
        0.0003831419031312525,
        0.0002656130311317482,
        0.00019869314118276747,
        0.00013269627805799884,
        4.71240600129828e-05,
        4.668979723949314e-06,
        1.9099099557363088e-08
      ],
      "energy": -3.6131943379466644,
      "capacity": 1.0462247920238041,
      "optimization_steps": 50,
      "seed": 40042
    },
    {
      "chi": 8,
      "L": 8,
      "model": "heisenberg_cyclic",
      "entanglement_entropy": 1.0505093895063304,
      "entanglement_gap": 0.5628465055526751,
      "entanglement_spectrum": [
        0.6716593571616606,
        0.1088128516089855,
        0.10497239766947582,
        0.10334529551966005,
        0.0031297449132283756,
        0.0027659432493979275,
        0.002217641177957759,
        0.0014529030324999096,
        0.0005898320949123759,
        0.00037585174683408396,
        0.0002687446197405391,
        0.00019375676214268206,
        0.0001234373078294092,
        6.063949622325938e-05,
        2.0038418222963033e-05,
        1.1565221229247876e-05
      ],
      "energy": -3.644077470158636,
      "capacity": 1.0505093895063304,
      "optimization_steps": 50,
      "seed": 81042
    },
    {
      "chi": 16,
      "L": 8,
      "model": "heisenberg_cyclic",
      "entanglement_entropy": 1.051184265282673,
      "entanglement_gap": 0.5573006570911716,
      "entanglement_spectrum": [
        0.6657557272561683,
        0.10845507016499673,
        0.108448109793596,
        0.10843820075691307,
        0.0022163984492710536,
        0.0022160824955811866,
        0.002215866923947887,
        0.0013497208790958736,
        0.00020866260737558491,
        0.00020862651314441306,
        0.00020854640176498808,
        5.584046983724419e-05,
        5.5810100468575736e-05,
        5.579325352386781e-05,
        5.577437048437243e-05,
        5.5769563831062386e-05
      ],
      "energy": -3.6510934059488855,
      "capacity": 1.051184265282673,
      "optimization_steps": 50,
      "seed": 162042
    }
  ],
  "correlation_analysis": {
    "slope": 1.0,
    "intercept": 0.0,
    "r_squared": 1.0,
    "p_value": 9.00316316157106e-11,
    "std_err": 0.0,
    "n_points": 3,
    "correlation": 1.0
  },
  "hypothesis": {
    "H1": "C \u221d S",
    "threshold": 0.95,
    "r_squared": 1.0,
    "passed": true
  },
  "verdict": "ACCEPT"
}