{
  "chi_sweep": [
    2,
    4,
    8
  ],
  "ed_reference": {
    "energy": -8.508356248173698,
    "entropy": 0.1776933144259593
  },
  "best_per_chi": [
    {
      "chi": 2,
      "fidelity": 0.007183373453869338,
      "entropy": 0.07887044778333616
    },
    {
      "chi": 4,
      "fidelity": 0.010116956433410611,
      "entropy": 0.07545516212251259
    },
    {
      "chi": 8,
      "fidelity": 0.013441754745304459,
      "entropy": 0.09300463180728794
    }
  ]
}