chi,restart,seed,fidelity,entropy,energy
2,0,20042,0.007183373453869338,0.07887044778333616,-20.197995129721477
4,0,40042,0.010116956433410611,0.07545516212251259,-20.254048710557782
8,0,80042,0.013441754745304459,0.09300463180728794,-20.28097928233259
