{
  "chi_sweep": [
    2,
    4
  ],
  "ed_reference": {
    "energy": -3.651093408937178,
    "entropy": 1.0511658766146594
  },
  "best_per_chi": [
    {
      "chi": 2,
      "fidelity": 0.6053148593931806,
      "entropy": 0.4587590892026189
    },
    {
      "chi": 4,
      "fidelity": 0.7973288745344308,
      "entropy": 0.8128596297853605
    }
  ]
}