{
  "run_id": "20260227T230440Z_30ffdd56",
  "config": {
    "L": 8,
    "A_size": 4,
    "model": "heisenberg_cyclic",
    "chi_sweep": [
      2,
      4
    ],
    "restarts": 1,
    "steps": 20,
    "seed": 42
  },
  "ed_reference": {
    "energy": -3.6510934089371707,
    "entropy": 1.0511658766146599
  },
  "verdict": "REJECTED"
}