chi,restart,seed,fidelity,entropy,energy
2,0,20042,0.6365772315795305,0.3191637261360166,-3.2286378164480842
4,0,40042,0.6466806283073575,0.606339089013686,-3.379936817655202
