{
  "claim": "3P",
  "model": "heisenberg_cyclic",
  "L": 8,
  "verdict": "REJECTED",
  "falsifiers": {
    "P3.1": {
      "passed": true,
      "violations": [],
      "n_checks": 1,
      "eps_fid": 0.0001
    },
    "P3.2": {
      "passed": true,
      "errors": [
        0.7320021504786433,
        0.4448267876009738
      ],
      "violations": [],
      "n_checks": 1,
      "eps_S": 0.001
    },
    "P3.3": {
      "passed": false,
      "fid_passed": false,
      "S_passed": false,
      "best_fidelity": 0.6466806283073575,
      "final_entropy_error": 0.4448267876009738,
      "fid_threshold": 0.95,
      "S_threshold": 0.15
    },
    "P3.4": {
      "passed": false,
      "delta_aic": -44.131860289095485,
      "delta_bic": -44.131860289095485,
      "S_inf_sat": 1.2613990519375917,
      "c_sat": 5.024137931034482,
      "aic_sat": -8.516476303881504,
      "bic_sat": -11.130181942761613,
      "a_log": 0.41430647188910225,
      "b_log": 0.031988363258346926,
      "aic_log": -52.64833659297699,
      "bic_log": -55.2620422318571
    }
  },
  "timestamp": "2026-02-27T23:04:46.760054+00:00"
}