{
  "loglinear": {
    "a": 0.0673989740159487,
    "b": 0.00920716527902804,
    "aic": -45.311103407949474,
    "bic": -46.53851468570969
  },
  "saturating": {
    "S_inf": 0.14098433295504237,
    "c": 0.07497982395474119,
    "alpha": 0.15647195297720284,
    "rss": 1.2658031469762244e-05,
    "aic": -44.65405202631269
  },
  "delta_aic": 0.6570513816367836
}