chi,entropy,fidelity,ed_entropy,entropy_error
2,0.07156109618167109,0.8270039252445889,0.08879193953541167,0.017230843353740588
4,0.08266008862359754,0.900345585186177,0.08879193953541167,0.006131850911814132
8,0.08820958484456076,0.9424693072500041,0.08879193953541167,0.0005823546908509114
16,0.09098433295504238,0.9666630323705394,0.08879193953541167,0.002192393419630706
