chi,S_A,S_B,S_sum,S_glued,S_excised,violation
2,0.350854015535289,0.35260684545907467,0.7034608609943637,0.8552042724970523,0.4534409380416356,False
4,0.7439014556018477,1.0660938855773698,1.8099953411792176,4.184597464950489,0.21344695515304135,True
8,1.0651576278049733,1.4302843888584849,2.495442016663458,13.179088455646335,0.2861494735579826,True
16,1.479485700100871,1.4679586635594488,2.9474443636603196,36.86708801275414,0.4190192955024418,True
