chi,restart,seed,fidelity,entropy,energy
2,0,20050,0.08873285802938488,0.04286539533922017,-10.096873770514486
4,0,40050,0.0885980681989427,0.049293855191079344,-10.103466789438757
