{
  "claim": "3P",
  "model": "ising_cyclic",
  "L": 8,
  "verdict": "REJECTED",
  "falsifiers": {
    "P3.1": {
      "passed": false,
      "violations": [
        {
          "chi_i": 2,
          "chi_i+1": 4,
          "fid_i": 0.08873285802938488,
          "fid_i+1": 0.0885980681989427,
          "drop": 0.0001347898304421835
        }
      ],
      "n_checks": 1,
      "eps_fid": 0.0001
    },
    "P3.2": {
      "passed": true,
      "errors": [
        0.1360417417390953,
        0.12961328188723614
      ],
      "violations": [],
      "n_checks": 1,
      "eps_S": 0.001
    },
    "P3.3": {
      "passed": false,
      "fid_passed": false,
      "S_passed": true,
      "best_fidelity": 0.0885980681989427,
      "final_entropy_error": 0.12961328188723614,
      "fid_threshold": 0.95,
      "S_threshold": 0.15
    },
    "P3.4": {
      "passed": false,
      "delta_aic": -37.02728239714208,
      "delta_bic": -37.02728239714209,
      "S_inf_sat": 0.1431257096626524,
      "c_sat": 6.255172413793103,
      "aic_sat": -15.621054195834908,
      "bic_sat": -18.234759834715017,
      "a_log": 0.009274307148831042,
      "b_log": 0.036436935487360975,
      "aic_log": -52.64833659297699,
      "bic_log": -55.2620422318571
    }
  },
  "timestamp": "2026-02-28T04:56:23.092690+00:00"
}