chi,restart,seed,fidelity,entropy,energy
2,0,20042,0.009730944665367856,0.014338531896893597,-20.24587615140025
4,0,40042,0.00855424614694471,0.06399144304147467,-20.19714969107413
8,0,80042,0.013460019118572267,0.11360096294360976,-20.257883651255185
