{
  "claim": "3P",
  "model": "ising_cyclic",
  "L": 16,
  "verdict": "REJECTED",
  "falsifiers": {
    "P3.1": {
      "passed": false,
      "violations": [
        {
          "chi_i": 2,
          "chi_i+1": 4,
          "fid_i": 0.009730944665367856,
          "fid_i+1": 0.00855424614694471,
          "drop": 0.0011766985184231468
        }
      ],
      "n_checks": 2,
      "eps_fid": 0.0001
    },
    "P3.2": {
      "passed": true,
      "errors": [
        0.16335478252906427,
        0.1137018713844832,
        0.06409235148234811
      ],
      "violations": [],
      "n_checks": 2,
      "eps_S": 0.001
    },
    "P3.3": {
      "passed": false,
      "fid_passed": false,
      "S_passed": true,
      "best_fidelity": 0.013460019118572267,
      "final_entropy_error": 0.06409235148234811,
      "fid_threshold": 0.9,
      "S_threshold": 0.15
    },
    "P3.4": {
      "passed": false,
      "delta_aic": -44.147498309978715,
      "delta_bic": -44.147498309978715,
      "S_inf_sat": 0.21323197731114943,
      "c_sat": 9.16551724137931,
      "aic_sat": -20.79513450878224,
      "bic_sat": -22.597909931446022,
      "a_log": 0.07160270850884005,
      "b_log": -0.03528545175272349,
      "aic_log": -64.94263281876096,
      "bic_log": -66.74540824142474
    }
  },
  "timestamp": "2026-02-28T04:56:04.589908+00:00"
}