{
  "chi_sweep": [
    2,
    4
  ],
  "ed_reference": {
    "energy": -4.254541117570128,
    "entropy": 0.17890713707831835
  },
  "best_per_chi": [
    {
      "chi": 2,
      "fidelity": 0.10041647334949656,
      "entropy": 0.04084329284397614
    },
    {
      "chi": 4,
      "fidelity": 0.11076056707089245,
      "entropy": 0.10378989550288623
    }
  ]
}