{
  "chi_sweep": [
    2,
    4
  ],
  "ed_reference": {
    "energy": -4.221285373302046,
    "entropy": 0.08879193953541165
  },
  "best_per_chi": [
    {
      "chi": 2,
      "fidelity": 0.18768969272002267,
      "entropy": 0.013421941339442977
    },
    {
      "chi": 4,
      "fidelity": 0.3395884192352532,
      "entropy": 0.26708153618251806
    }
  ]
}