chi,restart,seed,fidelity,entropy,energy
2,0,20042,0.18768969272002267,0.013421941339442977,-9.616604652453066
4,0,40042,0.3395884192352532,0.26708153618251806,-9.745853230481071
