{
  "chi_sweep": [
    2,
    4,
    8,
    16
  ],
  "ed_reference": {
    "energy": -8.508356248173698,
    "entropy": 0.17769331442595568
  },
  "best_per_chi": [
    {
      "chi": 2,
      "fidelity": 0.9930604932771135,
      "entropy": 0.1714222292082432
    },
    {
      "chi": 4,
      "fidelity": 0.9954211222995237,
      "entropy": 0.16990811631580066
    },
    {
      "chi": 8,
      "fidelity": 0.9986703558172436,
      "entropy": 0.1725770228729079
    },
    {
      "chi": 16,
      "fidelity": 0.9993179023300166,
      "entropy": 0.17590815908591464
    }
  ]
}